model,analysis,scale,threshold,grey_zone,n,positives,prevalence,auc,auc_low,auc_high
lr_penalized,sensibilità della soglia ACR,osservata,20.0,,4350,571,0.13126436781609196,0.6729460299776301,0.6478130372094231,0.6980790227458371
lr_penalized,sensibilità della soglia ACR,osservata,30.0,,4350,425,0.09770114942528736,0.6968302735106783,0.6686761114544535,0.7249844355669031
lr_penalized,sensibilità della soglia ACR,osservata,45.0,,4350,324,0.07448275862068965,0.7108049223258694,0.6797769227131861,0.7418329219385528
lr_penalized,sensibilità della soglia ACR,osservata,53.04,,4350,293,0.06735632183908045,0.7123330425397134,0.6799347057674017,0.7447313793120252
lr_penalized,sensibilità della soglia ACR,osservata,60.0,,4350,271,0.06229885057471264,0.7197381240789609,0.6865457011064422,0.7529305470514795
lr_penalized,sensibilità della soglia ACR,osservata,100.0,,4350,195,0.04482758620689655,0.7383047918787989,0.7019948600894251,0.7746147236681727
lr_penalized,sensibilità della soglia ACR,osservata,300.0,,4350,99,0.022758620689655173,0.7961929338076127,0.7500008873478813,0.8423849802673441
lr_penalized,sensibilità della soglia ACR,osservata,30.0,17.7-35.4,4097,381,0.09299487429826703,0.7055119522869113,0.6761497924641287,0.734874112109694
lr_penalized,sensibilità della soglia ACR,osservata,30.0,20-45,4103,324,0.07896660979770899,0.7175684990803629,0.686556411072309,0.7485805870884168
lr_penalized,sensibilità della soglia ACR,osservata,30.0,15-60,3891,271,0.0696479054227705,0.7308892785060447,0.6977426692884975,0.7640358877235919
lr_penalized,sensibilità della soglia ACR,alternativa,53.04,,4350,293,0.06735632183908045,0.7123330425397134,0.6799347057674017,0.7447313793120252
lr_penalized,sensibilità della soglia ACR,alternativa,53.04,17.7-35.4,4200,262,0.062380952380952384,0.7286567754391543,0.6953491211559651,0.7619644297223435
lr_penalized,sensibilità della soglia ACR,alternativa,53.04,20-45,4196,228,0.05433746425166826,0.7397889254385965,0.7049107477475626,0.7746671031296305
lr_penalized,sensibilità della soglia ACR,alternativa,53.04,15-60,4081,189,0.04631217838765009,0.7444710897948308,0.7073306769626535,0.7816115026270081
random_forest,sensibilità della soglia ACR,osservata,20.0,,4350,571,0.13126436781609196,0.6798497920807633,0.6553303051218875,0.7043692790396392
random_forest,sensibilità della soglia ACR,osservata,30.0,,4350,425,0.09770114942528736,0.7032128887223679,0.6756747074761853,0.7307510699685504
random_forest,sensibilità della soglia ACR,osservata,45.0,,4350,324,0.07448275862068965,0.705334308476385,0.6746655153762162,0.7360031015765538
random_forest,sensibilità della soglia ACR,osservata,53.04,,4350,293,0.06735632183908045,0.7059083823434152,0.6733348285945998,0.7384819360922307
random_forest,sensibilità della soglia ACR,osservata,60.0,,4350,271,0.06229885057471264,0.7145726152039653,0.6811857088119574,0.7479595215959732
random_forest,sensibilità della soglia ACR,osservata,100.0,,4350,195,0.04482758620689655,0.7266351939276127,0.6892532205237891,0.7640171673314362
random_forest,sensibilità della soglia ACR,osservata,300.0,,4350,99,0.022758620689655173,0.7664387939617296,0.715711164614307,0.8171664233091523
random_forest,sensibilità della soglia ACR,osservata,30.0,17.7-35.4,4097,381,0.09299487429826703,0.7106383970572031,0.6819594088205254,0.7393173852938808
random_forest,sensibilità della soglia ACR,osservata,30.0,20-45,4103,324,0.07896660979770899,0.7132218661282788,0.6826051445689431,0.7438385876876145
random_forest,sensibilità della soglia ACR,osservata,30.0,15-60,3891,271,0.0696479054227705,0.7265407433079857,0.6933083982768793,0.7597730883390921
random_forest,sensibilità della soglia ACR,alternativa,53.04,,4350,293,0.06735632183908045,0.7059083823434152,0.6733348285945998,0.7384819360922307
random_forest,sensibilità della soglia ACR,alternativa,53.04,17.7-35.4,4200,262,0.062380952380952384,0.7238843292406345,0.6903790096067205,0.7573896488745485
random_forest,sensibilità della soglia ACR,alternativa,53.04,20-45,4196,228,0.05433746425166826,0.7308755128749294,0.6953036032739947,0.7664474224758641
random_forest,sensibilità della soglia ACR,alternativa,53.04,15-60,4081,189,0.04631217838765009,0.7337762443106739,0.6955500450055255,0.7720024436158223
xgboost,sensibilità della soglia ACR,osservata,20.0,,4350,571,0.13126436781609196,0.6694512813692037,0.6447368499276728,0.6941657128107347
xgboost,sensibilità della soglia ACR,osservata,30.0,,4350,425,0.09770114942528736,0.6960155863619334,0.6683298481762259,0.7237013245476409
xgboost,sensibilità della soglia ACR,osservata,45.0,,4350,324,0.07448275862068965,0.7021535942300969,0.6715161792826335,0.7327910091775603
xgboost,sensibilità della soglia ACR,osservata,53.04,,4350,293,0.06735632183908045,0.7048248466182833,0.6724255238065567,0.7372241694300098
xgboost,sensibilità della soglia ACR,osservata,60.0,,4350,271,0.06229885057471264,0.7116479058882278,0.678350271917793,0.7449455398586626
xgboost,sensibilità della soglia ACR,osservata,100.0,,4350,195,0.04482758620689655,0.723284272887161,0.6856613773240724,0.7609071684502496
xgboost,sensibilità della soglia ACR,osservata,300.0,,4350,99,0.022758620689655173,0.7660229678578302,0.7150275857833578,0.8170183499323026
xgboost,sensibilità della soglia ACR,osservata,30.0,17.7-35.4,4097,381,0.09299487429826703,0.700593870868402,0.6716088949574158,0.7295788467793881
xgboost,sensibilità della soglia ACR,osservata,30.0,20-45,4103,324,0.07896660979770899,0.7087706918349945,0.6782129947323837,0.7393283889376053
xgboost,sensibilità della soglia ACR,osservata,30.0,15-60,3891,271,0.0696479054227705,0.7217385986014556,0.6886089929952447,0.7548682042076665
xgboost,sensibilità della soglia ACR,alternativa,53.04,,4350,293,0.06735632183908045,0.7048248466182833,0.6724255238065567,0.7372241694300098
xgboost,sensibilità della soglia ACR,alternativa,53.04,17.7-35.4,4200,262,0.062380952380952384,0.7215329981119567,0.6882211803696037,0.7548448158543097
xgboost,sensibilità della soglia ACR,alternativa,53.04,20-45,4196,228,0.05433746425166826,0.7275484578381437,0.6920860519579706,0.7630108637183168
xgboost,sensibilità della soglia ACR,alternativa,53.04,15-60,4081,189,0.04631217838765009,0.7317234647656025,0.6932518653439711,0.7701950641872338
ensemble_mean,sensibilità della soglia ACR,osservata,20.0,,4350,571,0.13126436781609196,0.6817966743117672,0.6571861660255257,0.7064071825980086
ensemble_mean,sensibilità della soglia ACR,osservata,30.0,,4350,425,0.09770114942528736,0.7075057324840764,0.6800414212138746,0.7349700437542783
ensemble_mean,sensibilità della soglia ACR,osservata,45.0,,4350,324,0.07448275862068965,0.7147698907717122,0.6844911730878595,0.7450486084555649
ensemble_mean,sensibilità della soglia ACR,osservata,53.04,,4350,293,0.06735632183908045,0.7157148854085258,0.683746685457316,0.7476830853597356
ensemble_mean,sensibilità della soglia ACR,osservata,60.0,,4350,271,0.06229885057471264,0.7231124407346059,0.6903451271719072,0.7558797542973046
ensemble_mean,sensibilità della soglia ACR,osservata,100.0,,4350,195,0.04482758620689655,0.7388824092073192,0.7028036936209727,0.7749611247936656
ensemble_mean,sensibilità della soglia ACR,osservata,300.0,,4350,99,0.022758620689655173,0.7864578506780342,0.7382911627667693,0.8346245385892991
ensemble_mean,sensibilità della soglia ACR,osservata,30.0,17.7-35.4,4097,381,0.09299487429826703,0.7144878216918257,0.6859364382287316,0.7430392051549197
ensemble_mean,sensibilità della soglia ACR,osservata,30.0,20-45,4103,324,0.07896660979770899,0.7221307485486722,0.6919302863499877,0.7523312107473568
ensemble_mean,sensibilità della soglia ACR,osservata,30.0,15-60,3891,271,0.0696479054227705,0.7345915475729343,0.7019880609579124,0.7671950341879562
ensemble_mean,sensibilità della soglia ACR,alternativa,53.04,,4350,293,0.06735632183908045,0.7157148854085258,0.683746685457316,0.7476830853597356
ensemble_mean,sensibilità della soglia ACR,alternativa,53.04,17.7-35.4,4200,262,0.062380952380952384,0.7332654232202187,0.7005313862169361,0.7659994602235013
ensemble_mean,sensibilità della soglia ACR,alternativa,53.04,20-45,4196,228,0.05433746425166826,0.7418172131437464,0.7073104456096644,0.7763239806778284
ensemble_mean,sensibilità della soglia ACR,alternativa,53.04,15-60,4081,189,0.04631217838765009,0.7464504586806745,0.7096017318093003,0.7832991855520487
tabpfn,sensibilità della soglia ACR,osservata,20.0,,4350,571,0.13126436781609196,0.6774334521730143,0.6523236155498645,0.7025432887961641
tabpfn,sensibilità della soglia ACR,osservata,30.0,,4350,425,0.09770114942528736,0.7095187710753091,0.6819637046363882,0.7370738375142301
tabpfn,sensibilità della soglia ACR,osservata,45.0,,4350,324,0.07448275862068965,0.7176546889661644,0.6872652285118565,0.7480441494204723
tabpfn,sensibilità della soglia ACR,osservata,53.04,,4350,293,0.06735632183908045,0.7198546985322634,0.687962351808952,0.7517470452555747
tabpfn,sensibilità della soglia ACR,osservata,60.0,,4350,271,0.06229885057471264,0.7261149493083555,0.693217822565649,0.759012076051062
tabpfn,sensibilità della soglia ACR,osservata,100.0,,4350,195,0.04482758620689655,0.7473331481995743,0.7115488356306118,0.7831174607685368
tabpfn,sensibilità della soglia ACR,osservata,300.0,,4350,99,0.022758620689655173,0.7968463748280263,0.7494258998721531,0.8442668497838995
tabpfn,sensibilità della soglia ACR,osservata,30.0,17.7-35.4,4097,381,0.09299487429826703,0.7173349832885527,0.6885956561899323,0.7460743103871731
tabpfn,sensibilità della soglia ACR,osservata,30.0,20-45,4103,324,0.07896660979770899,0.724504163685605,0.6941477437078918,0.7548605836633182
tabpfn,sensibilità della soglia ACR,osservata,30.0,15-60,3891,271,0.0696479054227705,0.737009439155165,0.7041907033114029,0.7698281749989272
tabpfn,sensibilità della soglia ACR,alternativa,53.04,,4350,293,0.06735632183908045,0.7198546985322634,0.687962351808952,0.7517470452555747
tabpfn,sensibilità della soglia ACR,alternativa,53.04,17.7-35.4,4200,262,0.062380952380952384,0.737456336575702,0.7048425769228099,0.770070096228594
tabpfn,sensibilità della soglia ACR,alternativa,53.04,20-45,4196,228,0.05433746425166826,0.7512545539756649,0.7177165648669614,0.7847925430843683
tabpfn,sensibilità della soglia ACR,alternativa,53.04,15-60,4081,189,0.04631217838765009,0.7547730523064542,0.7182119586439526,0.7913341459689558
