model,fold,fraction,draw,n_train,positives,auc,pr_auc
lr_penalized,0,0.2,0,696,68,0.6617309853877857,0.17952034606943193
lr_penalized,0,0.2,1,696,68,0.6381116523042337,0.1724904094775203
lr_penalized,0,0.2,2,696,68,0.6572349194454853,0.18781451464098453
lr_penalized,0,0.4,0,1392,136,0.6536230798051704,0.18215148207056064
lr_penalized,0,0.4,1,1392,136,0.6452004496065942,0.1852825505146804
lr_penalized,0,0.4,2,1392,136,0.6537279880104908,0.17167313035866433
lr_penalized,0,0.6,0,2088,204,0.6569351817159985,0.17585578760948314
lr_penalized,0,0.6,1,2088,204,0.6588684900711878,0.19406520536416003
lr_penalized,0,0.6,2,2088,204,0.6646234544773323,0.18286771283229078
lr_penalized,0,0.8,0,2784,272,0.6673660547021356,0.18766024214786642
lr_penalized,0,0.8,1,2784,272,0.6503409516672911,0.1841835880575596
lr_penalized,0,0.8,2,2784,272,0.6538928437617084,0.17176888002989935
lr_penalized,0,1.0,0,3480,340,0.6586886474334956,0.18983217254823226
lr_penalized,1,0.2,0,696,68,0.6383664293742976,0.1812094210886796
lr_penalized,1,0.2,1,696,68,0.6197527163731735,0.176421092102921
lr_penalized,1,0.2,2,696,68,0.6461596103409516,0.18819333313173825
lr_penalized,1,0.4,0,1392,136,0.6720869239415511,0.2142597374278256
lr_penalized,1,0.4,1,1392,136,0.6576095916073437,0.22219833463418226
lr_penalized,1,0.4,2,1392,136,0.6600524541026601,0.24138172648102973
lr_penalized,1,0.6,0,2088,204,0.6635593855376545,0.2231689286168962
lr_penalized,1,0.6,1,2088,204,0.6802547770700637,0.23861102148784782
lr_penalized,1,0.6,2,2088,204,0.674140127388535,0.24539584156974165
lr_penalized,1,0.8,0,2784,272,0.6740801798426377,0.24445053046829246
lr_penalized,1,0.8,1,2784,272,0.6682652678905957,0.2378553919056835
lr_penalized,1,0.8,2,2784,272,0.6722967403521919,0.21379552154916298
lr_penalized,1,1.0,0,3480,340,0.6783814162607719,0.23133630318313095
lr_penalized,2,0.2,0,696,68,0.6436867740726864,0.18134681057251306
lr_penalized,2,0.2,1,696,68,0.6100262270513301,0.15427552426284188
lr_penalized,2,0.2,2,696,68,0.6511502435369052,0.22574167965470837
lr_penalized,2,0.4,0,1392,136,0.6218808542525289,0.17737384327384703
lr_penalized,2,0.4,1,1392,136,0.6358786062195579,0.17013833054051508
lr_penalized,2,0.4,2,1392,136,0.6480929186961408,0.18716632166275637
lr_penalized,2,0.6,0,2088,204,0.6374222555264144,0.1715846060491254
lr_penalized,2,0.6,1,2088,204,0.6626152116897714,0.20548424354023118
lr_penalized,2,0.6,2,2088,204,0.6596927688272762,0.200527611001632
lr_penalized,2,0.8,0,2784,272,0.6579093293368303,0.20219161947048514
lr_penalized,2,0.8,1,2784,272,0.6478531285125515,0.20644513834458175
lr_penalized,2,0.8,2,2784,272,0.6699887598351442,0.20264018726291175
lr_penalized,2,1.0,0,3480,340,0.6598426376920196,0.20782824159626873
lr_penalized,3,0.2,0,696,68,0.7556837766953916,0.3465595267448742
lr_penalized,3,0.2,1,696,68,0.7376695391532408,0.3200445250068582
lr_penalized,3,0.2,2,696,68,0.7282877482203072,0.3334516618517517
lr_penalized,3,0.4,0,1392,136,0.7475309104533534,0.3387689287021831
lr_penalized,3,0.4,1,1392,136,0.7528212813787936,0.349298541725099
lr_penalized,3,0.4,2,1392,136,0.726039715249157,0.3414186388494168
lr_penalized,3,0.6,0,2088,204,0.744878231547396,0.35556297887868277
lr_penalized,3,0.6,1,2088,204,0.7575121768452603,0.3698227320823035
lr_penalized,3,0.6,2,2088,204,0.7598351442487823,0.3683534438849812
lr_penalized,3,0.8,0,2784,272,0.7638666167103784,0.36497395741684635
lr_penalized,3,0.8,1,2784,272,0.7538104158860998,0.3649624347562905
lr_penalized,3,0.8,2,2784,272,0.7530910453353316,0.3574410160312125
lr_penalized,3,1.0,0,3480,340,0.7621131509928812,0.3756802620081798
lr_penalized,4,0.2,0,696,68,0.6107455976020981,0.1740368630288866
lr_penalized,4,0.2,1,696,68,0.6578044211315099,0.19275725661688292
lr_penalized,4,0.2,2,696,68,0.7141551142750093,0.23948139138782318
lr_penalized,4,0.4,0,1392,136,0.6616860247283627,0.20539925352377186
lr_penalized,4,0.4,1,1392,136,0.7432296740352192,0.23517091936780732
lr_penalized,4,0.4,2,1392,136,0.7239565380292243,0.2601600838179323
lr_penalized,4,0.6,0,2088,204,0.7227875608842262,0.24908707083459392
lr_penalized,4,0.6,1,2088,204,0.7496590483327089,0.2769051656178902
lr_penalized,4,0.6,2,2088,204,0.7180367178718622,0.2336587344643742
lr_penalized,4,0.8,0,2784,272,0.7531509928812289,0.2693369609958717
lr_penalized,4,0.8,1,2784,272,0.7262045710003747,0.271728608479616
lr_penalized,4,0.8,2,2784,272,0.7336080929186961,0.2691825283377603
lr_penalized,4,1.0,0,3480,340,0.7427950543274635,0.27122717828321286
xgboost,0,0.2,0,696,68,0.6721618583739228,0.19251650471142528
xgboost,0,0.2,1,696,68,0.6068190333458224,0.17889398921257368
xgboost,0,0.2,2,696,68,0.6057100037467217,0.16549429652792727
xgboost,0,0.4,0,1392,136,0.644705882352941,0.18906130207351693
xgboost,0,0.4,1,1392,136,0.6419408017984264,0.1977110588385168
xgboost,0,0.4,2,1392,136,0.6133533158486324,0.1728164647324413
xgboost,0,0.6,0,2088,204,0.6284451105282878,0.1730279322796346
xgboost,0,0.6,1,2088,204,0.6441513675533908,0.2043892776845162
xgboost,0,0.6,2,2088,204,0.6146871487448482,0.1590090510286519
xgboost,0,0.8,0,2784,272,0.641034095166729,0.17998323706160915
xgboost,0,0.8,1,2784,272,0.6244436118396403,0.18621733104975582
xgboost,0,0.8,2,2784,272,0.6163207193705508,0.17398625074014862
xgboost,0,1.0,0,3480,340,0.6324915698763581,0.19085656409921237
xgboost,1,0.2,0,696,68,0.6586586736605471,0.19410530682254817
xgboost,1,0.2,1,696,68,0.6331360059947546,0.1963992152383248
xgboost,1,0.2,2,696,68,0.6679505432746347,0.19380145648265473
xgboost,1,0.4,0,1392,136,0.6472836268265267,0.2025443203939324
xgboost,1,0.4,1,1392,136,0.6504458598726115,0.1934026670355058
xgboost,1,0.4,2,1392,136,0.6999925065567627,0.28967128417335647
xgboost,1,0.6,0,2088,204,0.6911202697639566,0.2438006799835876
xgboost,1,0.6,1,2088,204,0.7030648182840016,0.26032689486669214
xgboost,1,0.6,2,2088,204,0.676283252154365,0.2564568333361045
xgboost,1,0.8,0,2784,272,0.7013713001124017,0.2818313955400576
xgboost,1,0.8,1,2784,272,0.6852004496065943,0.2577505712701157
xgboost,1,0.8,2,2784,272,0.6782465342825027,0.26187126213729633
xgboost,1,1.0,0,3480,340,0.6903559385537654,0.2731974238350321
xgboost,2,0.2,0,696,68,0.6443761708505058,0.16037066299644398
xgboost,2,0.2,1,696,68,0.630648182840015,0.15312876370798148
xgboost,2,0.2,2,696,68,0.6801948295241662,0.23529735312177483
xgboost,2,0.4,0,1392,136,0.6226301985762458,0.16700564841471174
xgboost,2,0.4,1,1392,136,0.6011539902585238,0.1457371196553528
xgboost,2,0.4,2,1392,136,0.6301686024728362,0.17067754446206018
xgboost,2,0.6,0,2088,204,0.6417534657174973,0.21253035258278222
xgboost,2,0.6,1,2088,204,0.6402547770700637,0.2344984244464851
xgboost,2,0.6,2,2088,204,0.63695766204571,0.18504952004258682
xgboost,2,0.8,0,2784,272,0.6457100037467216,0.20288089323882735
xgboost,2,0.8,1,2784,272,0.6311727238666167,0.21534157441840757
xgboost,2,0.8,2,2784,272,0.649306856500562,0.21029026568965542
xgboost,2,1.0,0,3480,340,0.6517647058823529,0.21511542128359035
xgboost,3,0.2,0,696,68,0.7047133757961784,0.25271659501854693
xgboost,3,0.2,1,696,68,0.6707081303859124,0.21231644515890066
xgboost,3,0.2,2,696,68,0.6800149868864742,0.22440916174315262
xgboost,3,0.4,0,1392,136,0.7422255526414387,0.29171668928178884
xgboost,3,0.4,1,1392,136,0.7024503559385538,0.25014532705354386
xgboost,3,0.4,2,1392,136,0.7244960659423003,0.28757000394765814
xgboost,3,0.6,0,2088,204,0.7161783439490444,0.2592882556395008
xgboost,3,0.6,1,2088,204,0.7533158486324466,0.3405754572108476
xgboost,3,0.6,2,2088,204,0.7317497189958786,0.27818994587906787
xgboost,3,0.8,0,2784,272,0.7513076058448855,0.3128566582760579
xgboost,3,0.8,1,2784,272,0.7312251779692769,0.2809183189585641
xgboost,3,0.8,2,2784,272,0.740711877107531,0.32510622313728904
xgboost,3,1.0,0,3480,340,0.7500936680404646,0.3239803713637662
xgboost,4,0.2,0,696,68,0.6634095166729113,0.20056417369424
xgboost,4,0.2,1,696,68,0.6749793930310977,0.18358333775965008
xgboost,4,0.2,2,696,68,0.7221431247658299,0.229484078012321
xgboost,4,0.4,0,1392,136,0.6832671412514051,0.2082909094055056
xgboost,4,0.4,1,1392,136,0.7268789808917197,0.2162144212050307
xgboost,4,0.4,2,1392,136,0.7520269763956539,0.2268479621354451
xgboost,4,0.6,0,2088,204,0.752761333832896,0.25812473105477507
xgboost,4,0.6,1,2088,204,0.748190333458224,0.2955473476456008
xgboost,4,0.6,2,2088,204,0.7697714499812665,0.24994294228653952
xgboost,4,0.8,0,2784,272,0.7771300112401649,0.29188391748594406
xgboost,4,0.8,1,2784,272,0.7557587111277633,0.295746088551449
xgboost,4,0.8,2,2784,272,0.7273585612588983,0.2553946552219254
xgboost,4,1.0,0,3480,340,0.7636118396403149,0.2934372923565986
