feature_set,model,feature,per,coefficient,odds_ratio,low,high,p_value
main,lr_scored,DM,unità,0.9460671901452593,2.5755605252747564,1.8854138225274084,3.5183321242767374,2.770306550917221e-09
main,lr_scored,Age,1 DS,0.3847382447343789,1.469229692495597,1.3201136635768633,1.6351894150249586,1.8404352778477986e-12
main,lr_scored,Bpsys,1 DS,0.2920789132947487,1.3392086948400368,1.2192482050134386,1.470971965314796,1.0597739778803694e-09
main,lr_scored,HGB,1 DS,-0.08196925520019482,0.9213002834537022,0.8142274571395259,1.042453438347293,0.193471605851531
main,lr_scored,Gender,unità,-0.04332182780634794,0.9576031571473123,0.749094862884485,1.2241491058254763,0.7295179106135654
main,lr_penalized,DRyd,unità,1.2477727769499736,3.4825778357134785,,,
main,lr_penalized,HGB,1 DS,-0.7939250809363001,0.45206690918431663,,,
main,lr_penalized,MCV,1 DS,0.6535259644675223,1.9223068793297202,,,
main,lr_penalized,RBC,1 DS,0.6262930223325925,1.8706632036178246,,,
main,lr_penalized,HypertenHis,unità,0.5515020240374274,1.735858361717899,,,
main,lr_penalized,Gender,unità,0.5473346041697192,1.728639363839266,,,
main,lr_penalized,hip,1 DS,-0.4174350020981299,0.6587343068044116,,,
main,lr_penalized,waist1,1 DS,0.40894326435249817,1.5052263180731094,,,
main,lr_penalized,MONO,1 DS,-0.3881582386009484,0.6783050007371295,,,
main,lr_penalized,WBC,1 DS,0.3780859653414515,1.4594884029020123,,,
main,lr_penalized,MCHC,1 DS,0.34651303394880173,1.4141279253812227,,,
main,lr_penalized,Fat,1 DS,-0.3361267900021753,0.7145325044947086,,,
main,lr_penalized,BASOcount,1 DS,-0.3239463305287059,0.7232890598796123,,,
main,lr_penalized,FCP,1 DS,0.3168711203037434,1.3728256311733096,,,
main,lr_penalized,NEUTcount,1 DS,-0.30142109824451924,0.7397661929032631,,,
main,lr_penalized,MADPN,unità,0.29140959099651065,1.3383126325092878,,,
main,lr_penalized,Age,1 DS,0.2868754709086508,1.3322582982299318,,,
main,lr_penalized,BASO,1 DS,0.28480593920644615,1.3295039984845864,,,
main,lr_penalized,MONOcount,1 DS,0.28063559426847423,1.3239710533782776,,,
main,lr_penalized,TP,1 DS,0.2695328448631166,1.3093526370280368,,,
main,lr_penalized,Bpsys,1 DS,0.2684480020818568,1.307932965471086,,,
main,lr_penalized,WHR,1 DS,-0.2614391365197906,0.7699427353927342,,,
main,lr_penalized,ALB,1 DS,-0.2579298367321159,0.7726494418149072,,,
main,lr_penalized,TFDPN,unità,-0.23959934365802713,0.7869430916532123,,,
main,lr_penalized,SUA,1 DS,0.2246655862650232,1.2519039922923603,,,
main,lr_penalized,BMI,1 DS,0.19850592923257582,1.219579258561882,,,
main,lr_penalized,AST,1 DS,0.1973041998001078,1.218114534548893,,,
main,lr_penalized,LDL,1 DS,0.19637104968715277,1.216978381016729,,,
main,lr_penalized,ALP,1 DS,0.1907849855218537,1.2101992137523998,,,
main,lr_penalized,PLT,1 DS,-0.18195825974030985,0.8336361358783431,,,
main,lr_penalized,DMfamilyHistory,unità,-0.17600978181961574,0.8386097801673555,,,
main,lr_penalized,FINS,1 DS,-0.16553584741107347,0.8474394841488725,,,
main,lr_penalized,DM,unità,0.14636465280823427,1.1576182398369548,,,
main,lr_penalized,ISIGutt,1 DS,0.1454314785319116,1.1565384841522073,,,
main,lr_penalized,EO,1 DS,-0.1417417254130595,0.8678453699477138,,,
main,lr_penalized,FPG,1 DS,0.1373490195550753,1.1472284838289044,,,
main,lr_penalized,PG2h,1 DS,0.13567178442752847,1.1453059246590902,,,
main,lr_penalized,LYMPHcount,1 DS,-0.13529519068686605,0.8734580369509204,,,
main,lr_penalized,EOcount,1 DS,0.13068172124620434,1.139605011521208,,,
main,lr_penalized,TBIL,1 DS,-0.13022377792819576,0.8778989545286316,,,
main,lr_penalized,AG,1 DS,0.12755931719915628,1.1360522536803679,,,
main,lr_penalized,ALT,1 DS,-0.12593563437159327,0.8816715943033172,,,
main,lr_penalized,DBIL,1 DS,0.11030168192596697,1.1166148821795319,,,
main,lr_penalized,GA,1 DS,-0.10148744282830931,0.9034925245817409,,,
main,lr_penalized,Smoking,unità,-0.1001046538677145,0.9047427282554216,,,
main,lr_penalized,Bpdia,1 DS,-0.0976624944286562,0.9069549544541937,,,
main,lr_penalized,GGT,1 DS,-0.09609831947318237,0.9083747007560303,,,
main,lr_penalized,RDWCV,1 DS,0.09037659211497387,1.094586418711387,,,
main,lr_penalized,HR,1 DS,0.08076385769042096,1.0841148609504154,,,
main,lr_penalized,MPV,1 DS,-0.07703996889350961,0.9258528475530854,,,
main,lr_penalized,Height,1 DS,0.054179477146964534,1.0556740545208163,,,
main,lr_penalized,PCT,1 DS,0.05139630721758319,1.0527400190905647,,,
main,lr_penalized,HbsAg,unità,-0.045660080794119796,0.9553666544775306,,,
main,lr_penalized,LYMPH,1 DS,-0.03590027314782096,0.9647364988201251,,,
main,lr_penalized,TG,1 DS,0.02722679618644382,1.0276008322873362,,,
main,lr_penalized,PDW,1 DS,-0.024393206374072857,0.9759019034564034,,,
main,lr_penalized,HDL,1 DS,-0.022262934965948694,0.9779830553005734,,,
main,lr_penalized,CP2h,1 DS,0.020231948817404765,1.0204380019667574,,,
main,lr_penalized,HomaIR,1 DS,0.018584113222260785,1.0187578725731685,,,
main,lr_penalized,Weight,1 DS,0.018206283679824995,1.018373028459637,,,
main,lr_penalized,HbA1c,1 DS,-0.016824995019668023,0.9833157547322255,,,
main,lr_penalized,INS2h,1 DS,0.01657890551552373,1.0167170982078335,,,
main,lr_penalized,ASTALT,1 DS,-0.015218756154561216,0.9848964638725232,,,
main,lr_penalized,RDWSD,1 DS,-0.01290060185411994,0.9871822542294891,,,
main,lr_penalized,Tea,unità,0.011071362092814164,1.0111328764283345,,,
main,lr_penalized,Drinking,unità,-0.004906502409170006,0.995105514811568,,,
main,lr_penalized,NEUT,1 DS,-0.004289048923009044,0.9957201359112298,,,
main,lr_penalized,FIB4,1 DS,-0.0023203774553320245,0.9976823125394323,,,
main,lr_penalized,CHOL,1 DS,0.0,1.0,,,
main,lr_penalized,HCT,1 DS,0.0,1.0,,,
main,lr_penalized,MCH,1 DS,0.0,1.0,,,
main,lr_penalized,DMhis,unità,0.0,1.0,,,
main,lr_penalized,cataract,unità,0.0,1.0,,,
main,lr_penalized,HCVAb,unità,0.0,1.0,,,
no_consequence,lr_scored,DM,unità,0.9303223313428829,2.5353262610433496,1.8578958363784746,3.4597629878248024,4.482607993538348e-09
no_consequence,lr_scored,Age,1 DS,0.40229826138845104,1.4952572436753102,1.3482176968977675,1.6583332424044137,2.592873569065305e-14
no_consequence,lr_scored,Bpsys,1 DS,0.29116823576158263,1.337989662726253,1.2181622136915662,1.469604226301825,1.1840686332516159e-09
no_consequence,lr_scored,Gender,unità,0.04215138058554641,1.04305236467775,0.8458839805235184,1.2861790275145155,0.6933606276255297
no_consequence,lr_penalized,DRyd,unità,1.259995082549715,3.525404151323109,,,
no_consequence,lr_penalized,HypertenHis,unità,0.5548915196264558,1.7417520286145578,,,
no_consequence,lr_penalized,Gender,unità,0.4818927634933052,1.6191361454877247,,,
no_consequence,lr_penalized,MONO,1 DS,-0.40991109098936723,0.6637092572465582,,,
no_consequence,lr_penalized,WBC,1 DS,0.3922632361061489,1.4803273357221254,,,
no_consequence,lr_penalized,FCP,1 DS,0.36569242311146044,1.4415117987476116,,,
no_consequence,lr_penalized,BASOcount,1 DS,-0.3512349536762554,0.7038183697141953,,,
no_consequence,lr_penalized,Fat,1 DS,-0.3488788207692429,0.7054786144462106,,,
no_consequence,lr_penalized,NEUTcount,1 DS,-0.3199542940719773,0.726182227147799,,,
no_consequence,lr_penalized,BASO,1 DS,0.30500647878810483,1.3566337923206282,,,
no_consequence,lr_penalized,Age,1 DS,0.2949287730437547,1.3430306952908413,,,
no_consequence,lr_penalized,MONOcount,1 DS,0.28264441854608646,1.326633351722653,,,
no_consequence,lr_penalized,Bpsys,1 DS,0.2760925689024764,1.3179698614042017,,,
no_consequence,lr_penalized,TFDPN,unità,-0.2726219874600378,0.7613805446311839,,,
no_consequence,lr_penalized,DM,unità,0.2180393999410235,1.243636065841441,,,
no_consequence,lr_penalized,BMI,1 DS,0.2168774645572446,1.2421918802796308,,,
no_consequence,lr_penalized,FINS,1 DS,-0.21446367543927428,0.8069741241800944,,,
no_consequence,lr_penalized,AST,1 DS,0.20939085079076558,1.232926794781595,,,
no_consequence,lr_penalized,DMfamilyHistory,unità,-0.20732542203440765,0.8127551185235767,,,
no_consequence,lr_penalized,LDL,1 DS,0.20430359606564047,1.2266705092709222,,,
no_consequence,lr_penalized,ALP,1 DS,0.19372363531369768,1.2137607959783652,,,
no_consequence,lr_penalized,TBIL,1 DS,-0.18577160477191457,0.8304632471660344,,,
no_consequence,lr_penalized,MADPN,unità,0.17826439953020234,1.1951412742554837,,,
no_consequence,lr_penalized,DBIL,1 DS,0.1569343449235741,1.169918800271095,,,
no_consequence,lr_penalized,hip,1 DS,-0.14839465121655107,0.8620908226061509,,,
no_consequence,lr_penalized,PLT,1 DS,-0.13731822444695407,0.8716927880352718,,,
no_consequence,lr_penalized,ALT,1 DS,-0.13395585872864108,0.8746286709727643,,,
no_consequence,lr_penalized,RDWCV,1 DS,0.13215382356672128,1.1412838621198877,,,
no_consequence,lr_penalized,AG,1 DS,-0.1315248342267233,0.8767575012728613,,,
no_consequence,lr_penalized,ISIGutt,1 DS,0.12750993443830277,1.1359961536688055,,,
no_consequence,lr_penalized,LYMPHcount,1 DS,-0.12067713028791949,0.8863200793095126,,,
no_consequence,lr_penalized,LYMPH,1 DS,-0.10347142097704776,0.901701792129835,,,
no_consequence,lr_penalized,Smoking,unità,-0.1026703428690726,0.9024244150955074,,,
no_consequence,lr_penalized,PG2h,1 DS,0.10192452825492344,1.1072998987185931,,,
no_consequence,lr_penalized,EO,1 DS,-0.10040600705246532,0.9044701222302917,,,
no_consequence,lr_penalized,GGT,1 DS,-0.09285363033438548,0.911326881145306,,,
no_consequence,lr_penalized,Bpdia,1 DS,-0.09237905530924598,0.9117594767642551,,,
no_consequence,lr_penalized,MPV,1 DS,-0.08178915443273575,0.9214662252844894,,,
no_consequence,lr_penalized,EOcount,1 DS,0.07774645376780621,1.0808485788408604,,,
no_consequence,lr_penalized,MCV,1 DS,0.0768572072354862,1.0798878652091035,,,
no_consequence,lr_penalized,FPG,1 DS,0.07393466186958364,1.0767364512511617,,,
no_consequence,lr_penalized,HR,1 DS,0.06952271723090636,1.0719964137182203,,,
no_consequence,lr_penalized,HbsAg,unità,-0.06850425062725592,0.9337894909040257,,,
no_consequence,lr_penalized,MCHC,1 DS,0.06162940974392798,1.0635681237019972,,,
no_consequence,lr_penalized,HbA1c,1 DS,-0.05197426008932512,0.9493533027976115,,,
no_consequence,lr_penalized,TG,1 DS,0.045877788973272264,1.0469464547371035,,,
no_consequence,lr_penalized,Height,1 DS,0.04070087720538392,1.0415405104370152,,,
no_consequence,lr_penalized,NEUT,1 DS,-0.0368289373030564,0.9638409984883111,,,
no_consequence,lr_penalized,RDWSD,1 DS,-0.03625393787553661,0.9643953658758532,,,
no_consequence,lr_penalized,waist1,1 DS,0.034153554961746956,1.0347434845257528,,,
no_consequence,lr_penalized,HomaIR,1 DS,0.033596815267973854,1.034167562089361,,,
no_consequence,lr_penalized,CP2h,1 DS,0.032108208049055294,1.0326292380550652,,,
no_consequence,lr_penalized,INS2h,1 DS,0.03004238142851906,1.0304982070141466,,,
no_consequence,lr_penalized,PCT,1 DS,0.019411103285606995,1.0196007236774498,,,
no_consequence,lr_penalized,HDL,1 DS,-0.019115314622410753,0.9810662244384787,,,
no_consequence,lr_penalized,Weight,1 DS,0.018826493270898203,1.019004829083329,,,
no_consequence,lr_penalized,ASTALT,1 DS,-0.017348818453161923,0.9828008057803118,,,
no_consequence,lr_penalized,FIB4,1 DS,0.010587220526687011,1.0106434634561188,,,
no_consequence,lr_penalized,Tea,unità,0.004232538610492729,1.0042415084526404,,,
no_consequence,lr_penalized,WHR,1 DS,-0.0034546014111082332,0.9965513588589188,,,
no_consequence,lr_penalized,Drinking,unità,-0.000198138436151647,0.9998018811919719,,,
no_consequence,lr_penalized,CHOL,1 DS,0.0,1.0,,,
no_consequence,lr_penalized,MCH,1 DS,0.0,1.0,,,
no_consequence,lr_penalized,PDW,1 DS,0.0,1.0,,,
no_consequence,lr_penalized,DMhis,unità,0.0,1.0,,,
no_consequence,lr_penalized,cataract,unità,0.0,1.0,,,
no_consequence,lr_penalized,HCVAb,unità,0.0,1.0,,,
