feature_set,model,feature,mean_abs_shap
main,random_forest,Age,0.010261248567734837
main,random_forest,ALP,0.008129249523345155
main,random_forest,FIB4,0.007497602750809653
main,random_forest,CP2h,0.005637484701197537
main,random_forest,FCP,0.004578026203937306
main,random_forest,GA,0.004433552261189616
main,random_forest,Bpsys,0.00400435082649679
main,random_forest,FPG,0.003977174111758975
main,random_forest,GGT,0.003867634273616265
main,random_forest,PG2h,0.003839680345536882
main,random_forest,SUA,0.0035407323870266273
main,random_forest,ISIGutt,0.0034323203135263195
main,random_forest,LDL,0.002897566907636836
main,random_forest,CHOL,0.0027346109245675347
main,random_forest,TG,0.0026038979501816126
main,random_forest,HomaIR,0.0025185360698009576
main,random_forest,AG,0.0025163989358820554
main,random_forest,Bpdia,0.0023959453577789233
main,random_forest,RBC,0.00237634783579647
main,random_forest,WHR,0.002196774367062991
main,random_forest,WBC,0.002184446823577996
main,random_forest,ALB,0.0021813915748915866
main,random_forest,NEUTcount,0.0020637331168276486
main,random_forest,RDWSD,0.002001009978686617
main,random_forest,HCT,0.001955304656315992
main,random_forest,HypertenHis,0.001931757973515309
main,random_forest,PCT,0.0018829157901711223
main,random_forest,LYMPH,0.0017200941982160832
main,random_forest,PDW,0.0016560263399185249
main,random_forest,HbA1c,0.0016408049261973385
main,random_forest,FINS,0.0016194429898205515
main,random_forest,DM,0.0015956964738085124
main,random_forest,LYMPHcount,0.0015345968754444522
main,random_forest,TP,0.0015295432479516002
main,random_forest,HDL,0.0014969144501996796
main,random_forest,PLT,0.00147591622821106
main,random_forest,HGB,0.001453274184770287
main,random_forest,NEUT,0.0013378947566554625
main,random_forest,TBIL,0.0012758398702660669
main,random_forest,AST,0.0012640730191449284
main,random_forest,DBIL,0.0012602825802835098
main,random_forest,Fat,0.0012465466421053943
main,random_forest,MONO,0.0012363240856922057
main,random_forest,BMI,0.0012175426058293477
main,random_forest,MCHC,0.0011972086098668785
main,random_forest,MONOcount,0.0011615767822195193
main,random_forest,EOcount,0.0011610172081428592
main,random_forest,MCV,0.0011307380939455907
main,random_forest,INS2h,0.0010879379333371888
main,random_forest,ASTALT,0.0010759323783182805
main,random_forest,Weight,0.001001291184164883
main,random_forest,RDWCV,0.0009835455877055914
main,random_forest,EO,0.0008487201194051266
main,random_forest,HR,0.0008413869453824423
main,random_forest,hip,0.0007617823850840946
main,random_forest,MCH,0.0007601717264080354
main,random_forest,MPV,0.0007496081643373307
main,random_forest,ALT,0.0007259977267702731
main,random_forest,waist1,0.0006890145514326546
main,random_forest,Height,0.0006390074632273623
main,random_forest,Smoking,0.000528580393745457
main,random_forest,BASO,0.0003962460069694626
main,random_forest,Drinking,0.00035358375454314414
main,random_forest,Tea,0.00032300828153965894
main,random_forest,BASOcount,0.00025118463005924246
main,random_forest,DRyd,0.00014581277503265133
main,random_forest,Gender,0.00011291704355497193
main,random_forest,DMhis,9.092326155094161e-05
main,random_forest,HbsAg,7.726271090574238e-05
main,random_forest,cataract,7.479151446945565e-05
main,random_forest,DMfamilyHistory,1.8740194821515003e-05
main,random_forest,MADPN,9.772897382746982e-06
main,random_forest,TFDPN,5.860624396187373e-07
main,random_forest,HCVAb,0.0
main,xgboost,Age,0.19107574224472046
main,xgboost,ALP,0.15898990631103516
main,xgboost,FCP,0.11629293859004974
main,xgboost,FIB4,0.09968475997447968
main,xgboost,SUA,0.09758661687374115
main,xgboost,FPG,0.08822322636842728
main,xgboost,LDL,0.08735163509845734
main,xgboost,HDL,0.08364629000425339
main,xgboost,CP2h,0.08128181844949722
main,xgboost,GGT,0.07943141460418701
main,xgboost,WBC,0.07878166437149048
main,xgboost,GA,0.07854112237691879
main,xgboost,TG,0.07229521125555038
main,xgboost,INS2h,0.06937798857688904
main,xgboost,AST,0.06535585969686508
main,xgboost,PDW,0.0620613731443882
main,xgboost,Bpsys,0.060594964772462845
main,xgboost,HCT,0.05565150827169418
main,xgboost,NEUTcount,0.05356396734714508
main,xgboost,WHR,0.053088437765836716
main,xgboost,PG2h,0.05251876264810562
main,xgboost,RBC,0.0512252002954483
main,xgboost,TP,0.050180211663246155
main,xgboost,PCT,0.04802630469202995
main,xgboost,HomaIR,0.04798731207847595
main,xgboost,Smoking,0.04622340947389603
main,xgboost,EOcount,0.04472723603248596
main,xgboost,AG,0.04360751807689667
main,xgboost,Fat,0.04203147068619728
main,xgboost,HR,0.04200846701860428
main,xgboost,CHOL,0.03784046322107315
main,xgboost,MONO,0.03592406213283539
main,xgboost,RDWSD,0.033962830901145935
main,xgboost,LYMPHcount,0.0338171012699604
main,xgboost,ISIGutt,0.03324703872203827
main,xgboost,hip,0.03177408501505852
main,xgboost,EO,0.03115157224237919
main,xgboost,ALB,0.02972504310309887
main,xgboost,MCHC,0.02910483069717884
main,xgboost,MONOcount,0.02869708277285099
main,xgboost,waist1,0.02788184955716133
main,xgboost,HGB,0.025668365880846977
main,xgboost,DBIL,0.022469105198979378
main,xgboost,HypertenHis,0.020298238843679428
main,xgboost,LYMPH,0.018718916922807693
main,xgboost,Weight,0.018558816984295845
main,xgboost,FINS,0.0183742456138134
main,xgboost,Bpdia,0.018007485195994377
main,xgboost,TBIL,0.0172579362988472
main,xgboost,ASTALT,0.017146620899438858
main,xgboost,Height,0.014956534840166569
main,xgboost,BMI,0.014735095202922821
main,xgboost,PLT,0.014267762191593647
main,xgboost,NEUT,0.013197616674005985
main,xgboost,MCV,0.013010513968765736
main,xgboost,ALT,0.012520190328359604
main,xgboost,MPV,0.011616458185017109
main,xgboost,Drinking,0.011252036318182945
main,xgboost,HbA1c,0.009588263928890228
main,xgboost,RDWCV,0.009301243349909782
main,xgboost,MCH,0.009195853024721146
main,xgboost,BASO,0.008718492463231087
main,xgboost,BASOcount,0.006413215771317482
main,xgboost,Gender,0.006016846746206284
main,xgboost,DM,0.005284580402076244
main,xgboost,Tea,4.369699308881536e-05
main,xgboost,DMhis,0.0
main,xgboost,DMfamilyHistory,0.0
main,xgboost,DRyd,0.0
main,xgboost,cataract,0.0
main,xgboost,MADPN,0.0
main,xgboost,TFDPN,0.0
main,xgboost,HbsAg,0.0
main,xgboost,HCVAb,0.0
no_consequence,random_forest,Age,0.01142094732368164
no_consequence,random_forest,ALP,0.008226065716363536
no_consequence,random_forest,FIB4,0.0076596296828881855
no_consequence,random_forest,CP2h,0.006511078388025833
no_consequence,random_forest,FCP,0.004852057977196835
no_consequence,random_forest,Bpsys,0.0043570691784473045
no_consequence,random_forest,PG2h,0.004301746178565415
no_consequence,random_forest,FPG,0.004055945907116975
no_consequence,random_forest,GGT,0.003995190941519377
no_consequence,random_forest,AG,0.0034576770768330206
no_consequence,random_forest,LDL,0.0033852074313468696
no_consequence,random_forest,ISIGutt,0.0033542422105775297
no_consequence,random_forest,TG,0.0028448158792775823
no_consequence,random_forest,CHOL,0.0027281889882864664
no_consequence,random_forest,Bpdia,0.002465038197753745
no_consequence,random_forest,HomaIR,0.00245242954179441
no_consequence,random_forest,WBC,0.002403309785207173
no_consequence,random_forest,RDWSD,0.002366200296635581
no_consequence,random_forest,WHR,0.0023473390648404446
no_consequence,random_forest,DM,0.002089552839699338
no_consequence,random_forest,FINS,0.002055682531147179
no_consequence,random_forest,PCT,0.0020520668332741424
no_consequence,random_forest,HypertenHis,0.002016658776765408
no_consequence,random_forest,NEUTcount,0.0019971535432081536
no_consequence,random_forest,TBIL,0.001742820473990725
no_consequence,random_forest,PLT,0.0017370007230465118
no_consequence,random_forest,LYMPHcount,0.0017349228040374122
no_consequence,random_forest,PDW,0.0017303819868020672
no_consequence,random_forest,LYMPH,0.0017002968839139399
no_consequence,random_forest,HbA1c,0.001664734208426182
no_consequence,random_forest,MONO,0.0016378604979688071
no_consequence,random_forest,Fat,0.001602796042077021
no_consequence,random_forest,HDL,0.0015609160557441969
no_consequence,random_forest,MCHC,0.00150412502759218
no_consequence,random_forest,DBIL,0.0014715046529607883
no_consequence,random_forest,AST,0.0014692569252303042
no_consequence,random_forest,INS2h,0.0014638752765147017
no_consequence,random_forest,MONOcount,0.0013827392245217695
no_consequence,random_forest,EOcount,0.0013504627733552437
no_consequence,random_forest,NEUT,0.0013431929850207611
no_consequence,random_forest,BMI,0.0013326846103025858
no_consequence,random_forest,RDWCV,0.0013072416375335047
no_consequence,random_forest,MCV,0.001281452697671921
no_consequence,random_forest,Weight,0.0012749360059285306
no_consequence,random_forest,EO,0.001161046734004289
no_consequence,random_forest,ASTALT,0.001142747817253538
no_consequence,random_forest,hip,0.00104061372622823
no_consequence,random_forest,HR,0.0009419293427242717
no_consequence,random_forest,Height,0.0008935441943031697
no_consequence,random_forest,MCH,0.0008802482924391392
no_consequence,random_forest,waist1,0.0008756710706910442
no_consequence,random_forest,MPV,0.0008096981679533656
no_consequence,random_forest,ALT,0.0007952407858238878
no_consequence,random_forest,Drinking,0.0006205602086583424
no_consequence,random_forest,Smoking,0.0005063961951668888
no_consequence,random_forest,BASO,0.0004187758307380979
no_consequence,random_forest,BASOcount,0.00033318807407489714
no_consequence,random_forest,Tea,0.0002288938229484633
no_consequence,random_forest,Gender,0.00020751216912719348
no_consequence,random_forest,DRyd,0.00016011536970267885
no_consequence,random_forest,cataract,9.390577638552884e-05
no_consequence,random_forest,HbsAg,8.212247869680939e-05
no_consequence,random_forest,DMhis,6.76790158254842e-05
no_consequence,random_forest,DMfamilyHistory,2.3525114808258125e-05
no_consequence,random_forest,MADPN,1.057997790012957e-05
no_consequence,random_forest,TFDPN,8.100802769028657e-07
no_consequence,random_forest,HCVAb,0.0
no_consequence,xgboost,Age,0.20776280760765076
no_consequence,xgboost,FCP,0.16433531045913696
no_consequence,xgboost,ALP,0.15418507158756256
no_consequence,xgboost,CP2h,0.09352382272481918
no_consequence,xgboost,LDL,0.09243844449520111
no_consequence,xgboost,FIB4,0.09160612523555756
no_consequence,xgboost,FPG,0.08604133129119873
no_consequence,xgboost,INS2h,0.08436303585767746
no_consequence,xgboost,WBC,0.08342595398426056
no_consequence,xgboost,HDL,0.0805903896689415
no_consequence,xgboost,AG,0.07798627763986588
no_consequence,xgboost,TG,0.07783138751983643
no_consequence,xgboost,GGT,0.07742314040660858
no_consequence,xgboost,AST,0.0739302784204483
no_consequence,xgboost,Bpsys,0.06393871456384659
no_consequence,xgboost,PG2h,0.06251616775989532
no_consequence,xgboost,WHR,0.057481829077005386
no_consequence,xgboost,PCT,0.05445650592446327
no_consequence,xgboost,RDWSD,0.05308705195784569
no_consequence,xgboost,Smoking,0.05264635384082794
no_consequence,xgboost,PDW,0.0514921173453331
no_consequence,xgboost,NEUTcount,0.04994857311248779
no_consequence,xgboost,HR,0.046137936413288116
no_consequence,xgboost,MONO,0.045637570321559906
no_consequence,xgboost,Fat,0.043552521616220474
no_consequence,xgboost,hip,0.04334031417965889
no_consequence,xgboost,CHOL,0.042076028883457184
no_consequence,xgboost,EO,0.04007349908351898
no_consequence,xgboost,MCHC,0.03967602923512459
no_consequence,xgboost,HomaIR,0.037215642631053925
no_consequence,xgboost,EOcount,0.03673238307237625
no_consequence,xgboost,LYMPH,0.033871158957481384
no_consequence,xgboost,LYMPHcount,0.032284583896398544
no_consequence,xgboost,ISIGutt,0.031501125544309616
no_consequence,xgboost,MONOcount,0.031150050461292267
no_consequence,xgboost,DBIL,0.029559891670942307
no_consequence,xgboost,waist1,0.027658386155962944
no_consequence,xgboost,RDWCV,0.02656949684023857
no_consequence,xgboost,TBIL,0.02434779331088066
no_consequence,xgboost,HypertenHis,0.023290563374757767
no_consequence,xgboost,NEUT,0.021480677649378777
no_consequence,xgboost,Drinking,0.020437495782971382
no_consequence,xgboost,ASTALT,0.02039143070578575
no_consequence,xgboost,Weight,0.019245469942688942
no_consequence,xgboost,Height,0.018177328631281853
no_consequence,xgboost,Bpdia,0.018090127035975456
no_consequence,xgboost,MPV,0.01538100652396679
no_consequence,xgboost,BMI,0.014971604570746422
no_consequence,xgboost,ALT,0.01459348015487194
no_consequence,xgboost,FINS,0.014121536165475845
no_consequence,xgboost,HbA1c,0.013975255191326141
no_consequence,xgboost,BASO,0.012781782075762749
no_consequence,xgboost,PLT,0.01217723824083805
no_consequence,xgboost,MCV,0.01147158071398735
no_consequence,xgboost,BASOcount,0.011240714229643345
no_consequence,xgboost,MCH,0.006766799837350845
no_consequence,xgboost,DM,0.004976354539394379
no_consequence,xgboost,HbsAg,0.00047248959890566766
no_consequence,xgboost,Tea,0.0003022224409505725
no_consequence,xgboost,Gender,0.00024082836171146482
no_consequence,xgboost,DMhis,0.0
no_consequence,xgboost,DMfamilyHistory,0.0
no_consequence,xgboost,DRyd,0.0
no_consequence,xgboost,cataract,0.0
no_consequence,xgboost,MADPN,0.0
no_consequence,xgboost,TFDPN,0.0
no_consequence,xgboost,HCVAb,0.0
