metric,candidate,reference,difference,low,high,t,p_value,p_holm,improves
auc,extra_trees,random_forest,-0.006357437242412866,-0.017819094027055008,0.0051042195422292755,-1.54001082434702,0.19839981598313425,1.0,False
auc,hist_gb,random_forest,-0.012678905957287379,-0.04676741327295418,0.021409601358379424,-1.032673154573565,0.36010169043846146,1.0,False
auc,svm_rbf,random_forest,-0.079256650430873,-0.16559895618359538,0.007085655321849363,-2.5485969736942278,0.06339969677409205,1.0,False
auc,knn,random_forest,-0.04783964031472458,-0.1010818603738029,0.005402579744353736,-2.494714439759585,0.06714489439732284,1.0,False
auc,naive_bayes,random_forest,-0.023589359310603263,-0.05993573051168092,0.012757011890474394,-1.8019559870321946,0.14590594913260177,1.0,False
auc,lda,random_forest,-0.0072986137130012,-0.04853819862325376,0.033940971197251354,-0.4913774074664316,0.6489014747796594,1.0,False
auc,qda,random_forest,-0.011608842263019859,-0.042165771841761235,0.01894808731572152,-1.0547955479335287,0.35101542975038375,1.0,False
auc,mlp,random_forest,-0.06831022855001874,-0.1721872887089296,0.035566831608892124,-1.8258083103478413,0.14191649692601324,1.0,False
auc,adaboost,random_forest,-0.008599475458973415,-0.042236370466126695,0.02503741954817986,-0.7098149677685108,0.517007060366045,1.0,False
auc,spline_lr,random_forest,-0.0017594604720869932,-0.01528130162827326,0.011762380684099273,-0.36127072926603737,0.7361705355349838,1.0,False
auc,lr_interactions,random_forest,-0.03177819408017983,-0.07853676857760344,0.014980380417243776,-1.8869354413446089,0.13221759977645386,1.0,False
auc,combinato_lgbm,random_forest,0.005566129636568018,-0.019707055241716225,0.030839314514852265,0.6114802490771317,0.5739272582119607,1.0,False
auc,combinato_lgbm_etero,random_forest,0.0027186212064443495,-0.01930660882014165,0.024743851233030346,0.3427025521371738,0.749073979718981,1.0,False
auc,combinato_mlp,random_forest,-0.01389883851629825,-0.04502207423758043,0.017224397204983928,-1.2398891462343453,0.2827838285052226,1.0,False
auc,margine_kdigo,random_forest,-0.0028220307231172637,-0.028808178449696843,0.023164117003462315,-0.3015150021602692,0.7780469555836064,1.0,False
auc,stacking,random_forest,0.007955039340577019,-0.006335094595944984,0.02224517327709902,1.5455929340419123,0.1970968946844573,1.0,False
auc,rank_mean,random_forest,0.0036867740726863607,-0.004785544792990841,0.012159092938363562,1.2081846765173652,0.2935183405251843,1.0,False
pr_auc,extra_trees,random_forest,-0.0041533283797105525,-0.04164968174503384,0.033343024985612736,-0.3075362592670356,0.773782501452255,1.0,False
pr_auc,hist_gb,random_forest,-0.01814010855003146,-0.05373945003959345,0.017459232939530528,-1.414773798730488,0.2300472143842825,1.0,False
pr_auc,svm_rbf,random_forest,-0.034547431105208526,-0.10009770420498684,0.03100284199456979,-1.4632897996200507,0.21722308589547767,1.0,False
pr_auc,knn,random_forest,-0.044889325743978595,-0.11831833429198073,0.02853968280402354,-1.6973230498682759,0.16487138228790665,1.0,False
pr_auc,naive_bayes,random_forest,-0.044001605150221175,-0.078931660600585,-0.00907154969985735,-3.497504932787191,0.024952493979197812,0.4241923976463628,False
pr_auc,lda,random_forest,0.0016795359541843414,-0.04676648341983352,0.0501255553282022,0.09625433501559705,0.9279482523341311,1.0,False
pr_auc,qda,random_forest,-0.021911835494029537,-0.0506188789869912,0.0067952079989321325,-2.119236291895174,0.10142926637121268,1.0,False
pr_auc,mlp,random_forest,-0.05274572530046068,-0.14062669239446351,0.035135241793542146,-1.6664087307314714,0.17096049776461697,1.0,False
pr_auc,adaboost,random_forest,-0.008197474675859729,-0.026142192281910146,0.009747242930190688,-1.2683308223863987,0.2734728100965239,1.0,False
pr_auc,spline_lr,random_forest,-0.0009857771095006685,-0.048675528670768554,0.04670397445176722,-0.057390863673779956,0.9569863625012534,1.0,False
pr_auc,lr_interactions,random_forest,-0.002855321139197964,-0.0698293183396425,0.06411867606124656,-0.11836896007517013,0.9114814698511193,1.0,False
pr_auc,combinato_lgbm,random_forest,0.017983052832822217,-0.03071361989596921,0.06667972556161364,1.0253053487303776,0.3631737316627001,1.0,False
pr_auc,combinato_lgbm_etero,random_forest,0.012426012601436586,-0.019705754878004314,0.04455778008087749,1.0737081888339688,0.3434101266656044,1.0,False
pr_auc,combinato_mlp,random_forest,0.002976828885547245,-0.046012238250534916,0.05196589602162941,0.16871115274211024,0.8742114001006045,1.0,False
pr_auc,margine_kdigo,random_forest,0.024822304673054095,-0.03989402682564432,0.0895386361717525,1.064920781404543,0.34692524495235705,1.0,False
pr_auc,stacking,random_forest,0.016212447417151242,-0.007935078832971332,0.04035997366727381,1.8640820516510541,0.13575747377041697,1.0,False
pr_auc,rank_mean,random_forest,0.007987937382538923,-0.02923532561022097,0.04521120037529882,0.5958120772671222,0.583376977284928,1.0,False
