model,fold,auc,pr_auc
lr_penalized,0,0.6586886474334956,0.18983217254823226
lr_penalized,1,0.6783814162607719,0.23133630318313095
lr_penalized,2,0.6598426376920196,0.20782824159626873
lr_penalized,3,0.7621131509928812,0.3756802620081798
lr_penalized,4,0.7427950543274635,0.27122717828321286
random_forest,0,0.6339003372049457,0.19192837480229286
random_forest,1,0.693907830648183,0.23571871146084344
random_forest,2,0.6647433495691271,0.20419618374674878
random_forest,3,0.7672536530535781,0.3426106731391318
random_forest,4,0.7793180966654177,0.33071228789164353
xgboost,0,0.6324915698763581,0.19085656409921237
xgboost,1,0.6903559385537654,0.2731974238350321
xgboost,2,0.6517647058823529,0.21511542128359035
xgboost,3,0.7500936680404646,0.3239803713637662
xgboost,4,0.7636118396403149,0.2934372923565986
catboost,0,0.6166504308729862,0.166852671419912
catboost,1,0.7044885724990633,0.26278116227440873
catboost,2,0.6481079055826152,0.2117234148447484
catboost,3,0.7532109404271262,0.35042832891990316
catboost,4,0.775301611090296,0.32335565160418034
lightgbm,0,0.6449906331959536,0.1915747562234803
lightgbm,1,0.7067815661296365,0.2780128057216827
lightgbm,2,0.6541775946047209,0.20331331431441796
lightgbm,3,0.7551592356687898,0.3463749320163285
lightgbm,4,0.7742075683776696,0.27817876856873713
ebm,0,0.6264068939677782,0.1856831772222657
ebm,1,0.6819482952416634,0.27990928749999455
ebm,2,0.6623004870738104,0.2007055033156733
ebm,3,0.7498988385162982,0.34871535066905957
ebm,4,0.7744023979018357,0.31875990952686245
tabpfn,0,0.6607268639940053,0.1770246213453754
tabpfn,1,0.6879880104908205,0.2647898071351355
tabpfn,2,0.6701386286998877,0.21836007956235848
tabpfn,3,0.7819108280254777,0.3953655845760474
tabpfn,4,0.7837991757212439,0.30790308092379975
extra_trees,0,0.6252678905957288,0.17459191235629262
extra_trees,1,0.6789359310603222,0.2199364123221613
extra_trees,2,0.6578793555638816,0.21583511450891046
extra_trees,3,0.7647358561258899,0.3655741023044577
extra_trees,4,0.7805170475833646,0.30846204765028556
hist_gb,0,0.6322218059198201,0.17770447887149987
hist_gb,1,0.6949868864743349,0.23247040441389671
hist_gb,2,0.6609816410640689,0.19693378398600397
hist_gb,3,0.7515773698014239,0.32786637735636825
hist_gb,4,0.7359610340951668,0.2794906436627343
svm_rbf,0,0.5548295241663544,0.1427308820839915
svm_rbf,1,0.6042263019857624,0.2266707912354984
svm_rbf,2,0.6312776320719371,0.1674161158933877
svm_rbf,3,0.7238816035968527,0.34874234511932795
svm_rbf,4,0.6286249531659798,0.2468689411824122
knn,0,0.5495916073435744,0.1293595107626041
knn,1,0.6660472086923942,0.24735905941586658
knn,2,0.6533982765080555,0.1724690376363924
knn,3,0.7113675533907831,0.24739147127077993
knn,4,0.7195204196328214,0.2841405232351244
naive_bayes,0,0.6356238291494942,0.167310364742371
naive_bayes,1,0.645732484076433,0.17562081810488417
naive_bayes,2,0.6542525290370926,0.16516583689814224
naive_bayes,3,0.7390932933683027,0.3133647707198282
naive_bayes,4,0.7464743349569126,0.26369641482432893
lda,0,0.662150618209067,0.1944712492077059
lda,1,0.667021356313226,0.24811577415668457
lda,2,0.6588235294117647,0.20572421305485333
lda,3,0.7602697639565379,0.3741100956330386
lda,4,0.7543649306856499,0.2911425787592997
qda,0,0.6494117647058825,0.18411895888801816
qda,1,0.6664968152866242,0.22475435307066916
qda,2,0.6546122143124765,0.1846112643799162
qda,3,0.7511727238666167,0.3182216600306224
qda,4,0.7593855376545523,0.2839008172012868
mlp,0,0.6222105657549644,0.1675851507277769
mlp,1,0.6163806669164481,0.2092984007948036
mlp,2,0.6375421506182091,0.17748514160293746
mlp,3,0.6967853128512551,0.2911170496458775
mlp,4,0.6246534282502811,0.19595186176696155
adaboost,0,0.6463244660921693,0.17913179209663269
adaboost,1,0.7033495691270139,0.23575198036559944
adaboost,2,0.6402697639565381,0.2060442482130955
adaboost,3,0.7442038216560509,0.3342068318819748
adaboost,4,0.7619782690146122,0.3090440051040593
spline_lr,0,0.6448857249906332,0.19499600281037158
spline_lr,1,0.6884076433121019,0.2633368584044822
spline_lr,2,0.6579542899962532,0.21360035303103406
spline_lr,3,0.7642862495316597,0.3395103301430634
spline_lr,4,0.7747920569501685,0.2887938011042058
lr_interactions,0,0.5609891345073061,0.16070143348109922
lr_interactions,1,0.6765380292244286,0.23877805228136803
lr_interactions,2,0.6548669913825402,0.20196964206056633
lr_interactions,3,0.7459572873735482,0.39591164732871603
lr_interactions,4,0.7418808542525291,0.29352885019292096
combinato_lgbm,0,0.6419632821281378,0.20721576332825242
combinato_lgbm,1,0.6956313225927314,0.28989832695404133
combinato_lgbm,2,0.6810116148370178,0.20945387279694488
combinato_lgbm,3,0.751449981266392,0.3274108645908617
combinato_lgbm,4,0.7968977144998126,0.36110266753467113
combinato_lgbm_etero,0,0.6197152491569877,0.18705902431560756
combinato_lgbm_etero,1,0.6963506931434994,0.2759996217114146
combinato_lgbm_etero,2,0.6838366429374297,0.21394289086649057
combinato_lgbm_etero,3,0.7719745222929936,0.34488076764472114
combinato_lgbm_etero,4,0.7808392656425628,0.34541398950960944
combinato_mlp,0,0.6315249156987637,0.18822430755391864
combinato_mlp,1,0.7018733608092917,0.2781514504001023
combinato_mlp,2,0.6396328212813788,0.19923624981798044
combinato_mlp,3,0.750468340202323,0.3530996058741446
combinato_mlp,4,0.746129636568003,0.30133876182225067
margine_kdigo,0,0.6267965530161109,0.19322236221330322
margine_kdigo,1,0.689037092544024,0.3133030669330622
margine_kdigo,2,0.6499512926189585,0.19303395380519628
margine_kdigo,3,0.7586586736605471,0.36147150912496784
margine_kdigo,4,0.8005695016860247,0.36824686232940135
stacking,0,0.6432521543649308,0.20113173325013992
stacking,1,0.6887373548145374,0.25822493791035944
stacking,2,0.6759385537654552,0.21192903903039995
stacking,3,0.7767403521918321,0.3787415395118238
stacking,4,0.7942300487073811,0.3362012184236935
rank_mean,0,0.6403596852753839,0.18088519192152278
rank_mean,1,0.691584863244661,0.25880807709991166
rank_mean,2,0.6742600224803297,0.20296586653636195
rank_mean,3,0.7705432746346946,0.3776184107754738
rank_mean,4,0.7808092918696141,0.3248283716200848
