model,role,auc,auc_low,auc_high,auc_folds_mean,auc_raw_pooled,gini,ks,pauc_sens80,pr_auc,pr_auc_low,pr_auc_high,pr_auc_folds_mean,prevalence,pr_auc_lift,brier,brier_scaled,log_loss,calibration_intercept,calibration_slope,oe_ratio,ece,auc_egfr,auc_albuminuria_only,auc_acr_300,auc_severe,auc_moderato,auc_alto,auc_molto_alto,kdigo_concordance,spearman_log_acr,spearman_egfr,sens90_sensitivity,sens90_specificity,sens90_ppv,sens90_npv,sens90_severe_sensitivity,sens90_sensitivity_molto_alto,sens90_alert_rate,sens90_lr_positive,sens90_lr_negative,sens90_diagnostic_odds_ratio,sens90_f2,sens90_tests_avoided_per_100,sens90_missed_per_1000,top10_lift,top10_recall,top10_severe_recall
lr_penalized,riferimento (fase A),0.6985813413263395,0.6707870057802786,0.7263756768724005,0.7003641813413263,0.6968302735106782,0.39716268265267907,0.3048032971150244,0.5744823279630323,0.23531565169080793,0.19739455845432127,0.27799840657679475,0.25518083152380494,0.09770114942528736,2.4085249055412103,0.0825551736264166,0.06352924814035632,0.2955366804919741,-0.00012168492931062289,0.9794186433673812,0.9998969084344216,0.01105682293392248,0.8388393489030431,0.6741717985712777,0.7914225053078556,0.7952525343141652,0.6791924862355608,0.7805656050955414,0.8302214134061268,0.6976490120751292,0.14955701992500797,-0.4637390055817264,0.8917647058823529,0.26496815286624203,0.11611519607843138,0.9576427255985267,0.9295774647887324,0.9047619047619048,0.7503448275862069,1.213232745437863,0.40848416289592776,2.970085148067213,0.3817485898468977,24.96551724137931,10.574712643678161,3.011764705882353,0.30117647058823527,0.4507042253521127
random_forest,riferimento (fase A),0.7051324091420006,0.6778833450332991,0.7323814732507021,0.7078246534282503,0.703212888722368,0.4102648182840012,0.31085799925065566,0.5796644602639357,0.242186006117489,0.2038095229958285,0.2852001774723839,0.26103324620813206,0.09770114942528736,2.4788450037907697,0.08222994283011066,0.06721852786645544,0.2936472862615387,-0.00013596811504122571,0.973746101828592,0.9998855529935957,0.01191768771411775,0.8178748357092306,0.685511489601295,0.75752016985138,0.7698788911814838,0.6921465328007486,0.7562292993630573,0.8023779193205944,0.703753565612884,0.17405544286456393,-0.38911973640590414,0.8964705882352941,0.2565605095541401,0.11548954228554108,0.9581351094196003,0.8873239436619719,0.8571428571428571,0.7583908045977011,1.2058420352376729,0.4035282434721654,2.9882469312729767,0.38107621524304863,24.160919540229884,10.114942528735632,3.0352941176470583,0.3035294117647059,0.4507042253521127
xgboost,riferimento (fase A),0.6953807418508805,0.6676754839763028,0.7230859997254582,0.6976635443986512,0.6960155863619334,0.390761483701761,0.2883476957662046,0.5734365763290454,0.24362898864913476,0.2051586504205773,0.28671098255372757,0.2593174145876399,0.09770114942528736,2.4936143544087908,0.08234041153167453,0.06596541793444055,0.2954743160216552,-0.0001226378767796163,0.9783576206428989,0.9998961362114813,0.010404685197896849,0.8169527853604286,0.6742231762677271,0.7625930644019816,0.7759181842648246,0.6792277519881966,0.755403821656051,0.8247619047619048,0.6944547895336683,0.16085275104724417,-0.3961026478477558,0.9011764705882352,0.2519745222929936,0.11539620367580597,0.9592628516003879,0.9436619718309859,0.8571428571428571,0.7629885057471264,1.2047403430036865,0.39219651460179644,3.071777280394445,0.3815501095835824,23.701149425287355,9.655172413793103,2.9647058823529413,0.2964705882352941,0.4507042253521127
catboost,già calcolato (fase D),0.6965988759835144,0.6688315841355646,0.7243661678314642,0.6995518920944173,0.695344173847883,0.3931977519670289,0.2900861745972274,0.5728337704508555,0.23948265324221332,0.20128366608367554,0.28236810443031285,0.2630282458126305,0.09770114942528736,2.4511753920085364,0.08251486427282584,0.0639865002907174,0.29626893545754696,-0.0001252220595278125,0.9647000151397181,0.9998939084238674,0.01453537634921174,0.8155252249519764,0.6759017489530914,0.7348223637650388,0.7549331658742263,0.6848990607794451,0.7310573248407645,0.811780406430088,0.6952621983357227,0.17367696361523105,-0.39891416838737653,0.8917647058823529,0.2578343949044586,0.11512758201701094,0.9565217391304348,0.8873239436619719,0.8571428571428571,0.7567816091954023,1.2015710506653743,0.41978609625668467,2.8623412289735657,0.3796073717948718,24.32183908045977,10.574712643678161,3.058823529411765,0.3058823529411765,0.4507042253521127
lightgbm,già calcolato (fase D),0.704695391532409,0.6776793129913834,0.7317114700734346,0.7070633195953541,0.7009198950917946,0.409390783064818,0.304473585612589,0.5854627201198951,0.24263351209325934,0.20422785627456594,0.28566878257805484,0.2594909153689293,0.09770114942528736,2.4834253590721835,0.08225937578148058,0.06688465299359081,0.29403416134891835,-0.000130342628357598,0.9787764162324221,0.9998900732169662,0.0087860843069693,0.8259265999393387,0.6835971425555125,0.7879235668789808,0.7882264286355073,0.6879419914354601,0.7714649681528664,0.8281346678798908,0.7037588775128976,0.168146647752307,-0.38790499285542607,0.8917647058823529,0.26878980891719745,0.11665127731609726,0.9582198001816531,0.9014084507042254,0.8571428571428571,0.7468965517241379,1.2195736831317892,0.40267633119598567,3.0286698985002256,0.38290563750252576,25.310344827586206,10.574712643678161,2.9176470588235293,0.2917647058823529,0.4788732394366197
ebm,già calcolato (fase D),0.6964028475084302,0.6685436681922449,0.7242620268246155,0.6989913825402772,0.6918780067440988,0.39280569501686036,0.29897339827650804,0.5730202739269805,0.24721115118085057,0.20851046321781416,0.2904588777499473,0.2667546456467711,0.09770114942528736,2.5302788414981174,0.08225395085522048,0.06694619104808708,0.29571973712793764,-0.00012519562739793228,0.9702802321154338,0.9998940186176184,0.01263284337161187,0.8041532706500859,0.6776507020445507,0.7694041047416844,0.7738189647438772,0.6808758861419988,0.7563668789808916,0.8153715498938429,0.6955100870030201,0.17156936907475673,-0.35877680453088906,0.8941176470588236,0.26496815286624203,0.11638591117917305,0.9585253456221198,0.9154929577464789,0.8571428571428571,0.7505747126436781,1.2164338872464062,0.3996040723981899,3.0440978239938388,0.3826787512588117,24.942528735632184,10.344827586206897,3.058823529411765,0.3058823529411765,0.4507042253521127
tabpfn,già calcolato (fase D),0.7142780067440989,0.6872592068776504,0.7412968066105474,0.716912701386287,0.7095187710753091,0.42855601348819783,0.3370700636942675,0.5876408142874985,0.24915609053035656,0.2103318973547339,0.2924922430371212,0.27268863470854326,0.09770114942528736,2.5501858677812965,0.08173757626545777,0.07280372461109041,0.2917425798708154,-0.00015209022880562456,0.9736257094649775,0.9998727268804407,0.012259062342317191,0.8624810433727631,0.6884857655628672,0.7670771408351025,0.7978038934242396,0.6975256396415848,0.7723261146496815,0.8584652714589021,0.7133096737371991,0.1630309312614567,-0.48004303477400767,0.8988235294117647,0.2802547770700637,0.11911443716869348,0.9623797025371829,0.9436619718309859,0.9523809523809523,0.7372413793103448,1.2488079125455491,0.3610160427807487,3.459147972833916,0.3892398614224577,26.275862068965516,9.885057471264368,3.058823529411765,0.3058823529411765,0.4788732394366197
extra_trees,zoo nuovo,0.69831817159985,0.6712383256689353,0.7253980175307647,0.7014672161858374,0.6995926564256276,0.3966363431997,0.2970101161483702,0.5848565838224886,0.23573270623661693,0.19778356301141853,0.27843598418739957,0.2568799178284215,0.09770114942528736,2.4127935814806674,0.08262614213949271,0.06272421153417707,0.2955741500184912,-0.0001278886227355793,0.9662226168210256,0.9998918519401839,0.008338656406660268,0.8212597310686482,0.6769222648414681,0.7662392073602264,0.7782793576747107,0.6822807585735364,0.7586191082802547,0.8250894752805581,0.6971231339737911,0.17286438544781982,-0.4052162228409942,0.9058823529411765,0.283312101910828,0.12038774233896185,0.9652777777777778,0.9577464788732394,0.9047619047619048,0.7351724137931035,1.2639844419815562,0.3322048243757935,3.8048346960540345,0.3930175581870151,26.482758620689655,9.195402298850574,2.8941176470588235,0.28941176470588237,0.4788732394366197
hist_gb,zoo nuovo,0.6930481828400149,0.6656265281229273,0.7204698375571025,0.6951457474709629,0.6393040089921319,0.3860963656800298,0.2871637317347321,0.5789359310603223,0.22580801564284922,0.18854096763040037,0.2680083665443516,0.24289313765810064,0.09770114942528736,2.3112114542268096,0.0830730124036551,0.05765510545782626,0.2967148406878743,-0.00011380650441734913,0.982348099626195,0.999903214199976,0.01604744066477353,0.8006874936811242,0.6743153745997115,0.7503694267515923,0.76106934601238,0.6794055201698515,0.7324331210191083,0.8292508340915985,0.6920130861607888,0.1665965398701485,-0.3428350346879461,0.8941176470588236,0.24789808917197453,0.11404561824729892,0.9557956777996071,0.9154929577464789,0.9047619047619048,0.7659770114942529,1.188825123545353,0.42712048848316286,2.783348389039447,0.37758346581875996,23.402298850574713,10.344827586206897,2.941176470588235,0.29411764705882354,0.49295774647887325
svm_rbf,zoo nuovo,0.6258901461221432,0.5948155946836162,0.6569646975606702,0.6285680029973773,0.6199469464218809,0.25178029224428644,0.22291494941925816,0.5124849090379251,0.1969063577057596,0.16181005043655022,0.2374584258549547,0.22648581510292357,0.09770114942528736,2.0153944847530685,0.08540797770784653,0.031168252872700752,0.31021743790696527,-8.358224893593271e-05,0.9283337470820249,0.9999264867596395,0.023387854283650138,0.7216823374785158,0.6092191293943766,0.7276206652512384,0.7219592715528842,0.6066220446939437,0.6772025477707007,0.8285228996057021,0.6257819559478229,0.12865463705419508,-0.13290119330002412,0.8941176470588236,0.12127388535031847,0.09924262209454165,0.9136276391554703,0.9577464788732394,1.0,0.8802298850574712,1.0175157334606793,0.8730845279288183,1.1654263715730813,0.3436426116838488,11.977011494252874,10.344827586206897,2.6588235294117646,0.26588235294117646,0.4225352112676056
knn,zoo nuovo,0.6574018733608094,0.6284656816434177,0.686338065078201,0.6599850131135258,0.6549644061446235,0.3148037467216187,0.2569651554889472,0.5502543607676617,0.19336675038956302,0.1585565656157739,0.233696770019833,0.21614392046415348,0.09770114942528736,1.9791655628108213,0.08486842388037213,0.037288721842582695,0.30503735526320397,-0.00010602769758686183,0.9477915954380812,0.9999079880725483,0.016676294822577972,0.7004549590536852,0.6499092092761375,0.7279688605803256,0.7040333722077688,0.6480492281118428,0.6982089171974522,0.7179011222323324,0.6561232337194691,0.14038718561877,-0.28939652373017993,0.8847058823529412,0.20203821656050955,0.10718358038768529,0.9418052256532067,0.8732394366197183,0.8571428571428571,0.8064367816091954,1.1087070843663136,0.5706549959201838,1.9428675684833328,0.36098310291858676,19.35632183908046,11.264367816091953,2.682352941176471,0.26823529411764707,0.4084507042253521
naive_bayes,zoo nuovo,0.6818637692019482,0.6536652614702864,0.7100622769336101,0.684235294117647,0.6765158486324465,0.3637275384038965,0.29416260771824654,0.5627092960326381,0.20114499235471833,0.16571213586661251,0.2419569104409117,0.2170316410579109,0.09770114942528736,2.058778157042411,0.08412072553182073,0.04577029366751417,0.3014786653087006,-0.00038719214160874113,0.9636401639956096,0.9996664094374199,0.013969644252646655,0.766988171064604,0.6670493014744695,0.7327303609341826,0.7390490714990581,0.6703944006621325,0.7255566878980891,0.7711737943585077,0.680252834636421,0.14361984714721296,-0.29760651300637203,0.9011764705882352,0.24178343949044587,0.11402203036618042,0.9576185671039354,0.9436619718309859,0.9047619047619048,0.772183908045977,1.188547596457938,0.4087274530465507,2.9079221070148473,0.3785333069776636,22.7816091954023,9.655172413793103,2.8235294117647056,0.2823529411764706,0.38028169014084506
lda,zoo nuovo,0.6986412888722366,0.6705601640690813,0.726722413675392,0.7005260397152492,0.6974549269389284,0.3972825777444733,0.30917946796553014,0.5679214021064901,0.2426273620564198,0.20422210675406322,0.28566234297799403,0.2627127821623164,0.09770114942528736,2.4833624116362967,0.08225520862349381,0.06693192346013543,0.29535831880261654,-0.00012326975703654837,0.9778084945891106,0.9998956450181425,0.01872589972633322,0.8431058538064907,0.673499665693071,0.7955498938428875,0.8002619538889388,0.6782597430638022,0.7862726114649681,0.8335699120412496,0.6978006963310707,0.15387853480983174,-0.42510662111339276,0.8894117647058823,0.23057324840764332,0.11124190700412007,0.9506302521008403,0.9577464788732394,1.0,0.7811494252873563,1.1559407869107907,0.4796230094247644,2.4101028603635335,0.37073362102785407,21.885057471264368,10.804597701149426,3.129411764705882,0.3129411764705882,0.4647887323943662
qda,zoo nuovo,0.6938628699887598,0.665956526350945,0.7217692136265745,0.6962158111652305,0.6897852379168227,0.3877257399775196,0.2975796178343949,0.5711435826984721,0.22382441607758446,0.18669741022860648,0.2659205472480457,0.23912141071410256,0.09770114942528736,2.290908729264688,0.08317430471360057,0.05650608860660511,0.29784220651104787,-0.000187490968606914,0.9773457245913635,0.999840105360942,0.014200035824520337,0.8047113537559397,0.674571559277897,0.7402576079263977,0.7533614425405939,0.6819295404656519,0.7465375796178344,0.7696087352138308,0.6920473184053204,0.1455838396063843,-0.4337573062455614,0.8988235294117647,0.24662420382165606,0.11440551063192572,0.9574678536102869,0.9577464788732394,0.9047619047619048,0.7675862068965518,1.1930613300443613,0.41024550315994174,2.9081643085779896,0.37904346100416747,23.24137931034483,9.885057471264368,2.9176470588235293,0.2917647058823529,0.4084507042253521
mlp,zoo nuovo,0.6386260022480329,0.6087276034186617,0.6685244010774041,0.6395144248782316,0.6361237916822781,0.2772520044960658,0.22113150992881225,0.5308321885017276,0.19281763493354398,0.15805225819880425,0.23311278863901388,0.2082875209076714,0.09770114942528736,1.9735452046139206,0.08521468174904417,0.03336091995726431,0.30775318099441373,-0.00010378653972923075,0.982712814403603,0.9999090015767261,0.015446262411090747,0.7835850773430391,0.6133983179082945,0.7376079263977353,0.7351466762357586,0.6192673359962574,0.7249936305732485,0.7593205944798301,0.6384797578245762,0.10565246887965707,-0.3709067135905424,0.8988235294117647,0.14853503184713376,0.10257787325456498,0.9313099041533547,0.9577464788732394,0.9047619047619048,0.8560919540229885,1.0556200936388918,0.6811623448693372,1.5497334836402095,0.3521386430678466,14.39080459770115,9.885057471264368,2.4941176470588236,0.24941176470588236,0.4225352112676056
adaboost,zoo nuovo,0.6968914200074935,0.6694118604966659,0.7243709795183211,0.6992251779692769,0.6947998501311352,0.393782840014987,0.29065567628325223,0.5771225177969277,0.2335130882327159,0.19571384212418594,0.27610653033866933,0.2528357715322723,0.09770114942528736,2.3900751383819157,0.08270360046778054,0.06184555722648044,0.2961566997876578,-0.00011957637402783146,0.9786313880101523,0.9998985223643378,0.01064365499856368,0.8265514103730665,0.6743262835626562,0.7672922859164897,0.782510092401543,0.6797193133973873,0.7677452229299363,0.8176645435244161,0.6959863873708987,0.1514685799854261,-0.44695846784026816,0.9011764705882352,0.25528662420382164,0.11584996975196613,0.9597701149425287,0.9436619718309859,0.9047619047619048,0.76,1.2100984081624437,0.387108136667841,3.125995796881871,0.3825409508589692,24.0,9.655172413793103,2.9647058823529413,0.2964705882352941,0.4507042253521127
spline_lr,zoo nuovo,0.7039298613713001,0.6757777883267049,0.7320819344158953,0.7060651929561633,0.7048074934432372,0.4078597227426002,0.33528662420382166,0.5633853711335914,0.24481286035582409,0.20626597829950563,0.28795004149392794,0.26004746909863136,0.09770114942528736,2.505731629524317,0.08222680067352474,0.06725417115337762,0.2947594165023825,-0.00012714073666655713,0.9766246261487177,0.9998925776185636,0.017892063706203724,0.8516631280962491,0.6782193757257978,0.7751337579617834,0.7910397416345205,0.6864586706970384,0.7674547770700637,0.8471944191689414,0.702777946643735,0.16892516453024317,-0.39632372800194793,0.8941176470588236,0.2140127388535032,0.10966810966810966,0.9491525423728814,0.9436619718309859,0.9523809523809523,0.7965517241379311,1.1375726952045,0.49474789915966366,2.2992976769313893,0.36786060019361083,20.344827586206897,10.344827586206897,2.8705882352941177,0.28705882352941176,0.4507042253521127
lr_interactions,zoo nuovo,0.6723219183214686,0.6427756944328987,0.7018681422100385,0.6760464593480705,0.6685086549269389,0.3446438366429372,0.2664668415136755,0.5459239831813829,0.23088353082830115,0.19326382765179156,0.273344896701769,0.2581779250689341,0.09770114942528736,2.363160844948494,0.08323648396873716,0.05580075360154124,0.3009720870356829,-0.00011512633302134505,0.953279621173268,0.9999012239337514,0.02194677475847655,0.7678131634819533,0.6557032762079038,0.7557027600849258,0.7503758858885798,0.6566670265212854,0.7384254777070064,0.7788292387018502,0.671429473608415,0.15960568041724402,-0.32931816878072545,0.8988235294117647,0.21044585987261147,0.10973858086756678,0.950517836593786,0.9436619718309859,0.9047619047619048,0.8002298850574713,1.1383937892678853,0.4807719698048712,2.367845591601191,0.36865469986489097,19.977011494252874,9.885057471264368,3.176470588235294,0.3176470588235294,0.4507042253521127
combinato_lgbm,ACR + eGFR continui,0.7110114649681529,0.6833768725873457,0.7386460573489602,0.7133907830648182,0.7107099288122893,0.42202292993630586,0.32569501686024727,0.575230839681945,0.2609889132934711,0.22143650391231456,0.3048399285317659,0.27901629904095426,0.09770114942528736,2.6712982890037633,0.08140108177938025,0.07662077483982144,0.29321962094467025,-0.00013938027023376197,0.9739729672070985,0.9998828288992652,0.013824706099765204,0.8542493175614194,0.6860833304008165,0.7713970276008493,0.7876791961962859,0.6956346036201374,0.7714114649681528,0.8264118895966029,0.7099664228898035,0.25058980365281225,-0.3552362031138272,0.8988235294117647,0.2445859872611465,0.1141320585599044,0.9571286141575274,0.9154929577464789,0.9047619047619048,0.7694252873563219,1.18984227755183,0.4136642156862746,2.8763480920820417,0.378442639191599,23.057471264367816,9.885057471264368,3.105882352941176,0.31058823529411766,0.49295774647887325
combinato_lgbm_etero,ACR + eGFR continui,0.7071502435369051,0.679750396247527,0.7345500908262833,0.7105432746346947,0.7056503559385537,0.4143004870738103,0.3237317347321094,0.5788676574663836,0.25412877026709957,0.21499374160897206,0.2976860843136176,0.2734592588095687,0.09770114942528736,2.601082707439725,0.08166185952828091,0.07366262305049354,0.2928679766994031,-0.00014314833630537844,0.9720507082880089,0.9998798278858579,0.009800761178683393,0.8308179152765139,0.6856279691733822,0.7528747346072187,0.7649932717323046,0.6955489582208789,0.7526191082802548,0.7944555656657567,0.7059234767684053,0.18092624363223367,-0.38983414098778363,0.8941176470588236,0.2705732484076433,0.1171754548257786,0.959349593495935,0.9014084507042254,0.8571428571428571,0.7455172413793103,1.225781266051653,0.39132602193419724,3.1323786238211677,0.3843819542787781,25.448275862068964,10.344827586206897,2.941176470588235,0.29411764705882354,0.4788732394366197
combinato_mlp,ACR + eGFR continui,0.6923839640314725,0.6627815106391742,0.7219864174237708,0.693925814911952,0.6942570251030349,0.384767928062945,0.3354664668415136,0.5414886973897839,0.24377587188168215,0.2052960144559162,0.28686473519802236,0.26401007509367935,0.09770114942528736,2.4951177474948643,0.08245095751079265,0.06471143139874169,0.29773561339265925,-0.00011773938763512295,0.9685366685907139,0.9998997560196123,0.02152895352801374,0.8314245273480942,0.6681862969349334,0.7545732484076433,0.7686426841302593,0.6770891359890604,0.7742624203821655,0.7552623597209585,0.6913499839757683,0.23966740992864746,-0.3137825136574732,0.9011764705882352,0.15184713375796177,0.10317887931034483,0.9341692789968652,0.9436619718309859,0.9047619047619048,0.8533333333333334,1.0625165656529958,0.6508093170153971,1.6326081048219816,0.3538433111603843,14.666666666666666,9.655172413793103,2.941176470588235,0.29411764705882354,0.4507042253521127
margine_kdigo,ACR + eGFR continui,0.7012768827276132,0.6732568372359748,0.7292969282192516,0.7050026227051329,0.6959274634694643,0.4025537654552265,0.29912326714125137,0.5719349735647975,0.26022212135240597,0.2207157154935916,0.30404095559841837,0.2858555508811862,0.09770114942528736,2.66344994795992,0.08161964740865661,0.0741414593688694,0.29444261309530567,-0.00013748995053566455,0.9618792417004977,0.9998842137220674,0.011599234980316061,0.8337903144272572,0.6782151529014322,0.7701542816702053,0.8010747286265362,0.681260930584044,0.7828891719745223,0.8443736730360933,0.700558162649198,0.2581588192783911,-0.26104085568219254,0.8941176470588236,0.26853503184713373,0.1168871116579514,0.9590536851683349,0.9577464788732394,0.9523809523809523,0.7473563218390804,1.222365644272338,0.3942962384194663,3.1001199736831935,0.38376085639264795,25.264367816091955,10.344827586206897,3.105882352941176,0.31058823529411766,0.49295774647887325
stacking,combinazione di modelli,0.7127511427500938,0.6852211349023143,0.7402811505978732,0.7157796927688272,0.7134333458224054,0.42550228550018754,0.3333233420756838,0.5796577994255027,0.2576416087428605,0.21829121507584148,0.30135095142634105,0.27724569362528334,0.09770114942528736,2.6370376424269253,0.08147370464179361,0.07579697199889712,0.2923390548660044,-0.00014886715619574138,0.9707792671777878,0.9998752563277223,0.012176967648372446,0.8455606106561521,0.6896378928106415,0.7801160651096958,0.7913949941688347,0.6969779409118716,0.7744713375796177,0.8316894146193509,0.7115892083439326,0.20105480357755398,-0.4216508228175894,0.8988235294117647,0.2749044585987261,0.11833952912019827,0.9616755793226381,0.9154929577464789,0.8571428571428571,0.7420689655172413,1.2395932371543137,0.36804230496647233,3.3680726928042617,0.38758116883116883,25.79310344827586,9.885057471264368,3.1999999999999997,0.32,0.4788732394366197
rank_mean,combinazione di modelli,0.7088401648557512,0.6814367647206327,0.7362435649908696,0.7115114275009367,0.7111541401273885,0.4176803297115024,0.3185013113525665,0.5823571042004912,0.2465016706860256,0.2078463081444939,0.28971686895383136,0.269021183590671,0.09770114942528736,2.5230170999628503,0.08190012045691993,0.07095989248643397,0.29307313955327646,-0.00014141746689913062,0.9723707896833833,0.9998812001088202,0.01037854004947663,0.8321625720351835,0.687377977970933,0.7839122434536447,0.7875930743697857,0.6930450897837274,0.7746675159235669,0.8183682135274493,0.7076129560782596,0.1759680673117721,-0.4286249939460364,0.9011764705882352,0.2624203821656051,0.11683953630262355,0.960820895522388,0.9436619718309859,0.8571428571428571,0.7535632183908046,1.2218022960479527,0.37658480868075406,3.2444279957233304,0.3846926476496585,24.64367816091954,9.655172413793103,3.011764705882353,0.30117647058823527,0.43661971830985913
