model,role,threshold,net_benefit,net_benefit_low,net_benefit_high,net_benefit_all,avoided_per_100,avoided_per_100_low,avoided_per_100_high
lr_penalized,riferimento (fase A),0.05,0.05147005444646098,0.04246521476104053,0.060594071385359945,0.05021173623714459,2.3908045977011443,-3.84022988505746,8.072413793103458
lr_penalized,riferimento (fase A),0.07,0.03893461871214929,0.030857372389074267,0.04714849833147941,0.02978618217772834,12.154351395730684,5.986945812807881,17.990394088669944
lr_penalized,riferimento (fase A),0.1,0.027024265644955296,0.019613026819923364,0.03474010217113665,-0.0025542784163473803,26.62068965517241,20.756896551724143,32.093678160919545
random_forest,riferimento (fase A),0.05,0.05264367816091954,0.04456261343012703,0.061496370235934655,0.05021173623714459,4.620689655172409,-1.3132183908045898,10.39195402298852
random_forest,riferimento (fase A),0.07,0.0407316771721666,0.03247021381782226,0.04906229143492769,0.02978618217772834,14.541871921182258,8.860016420361275,20.27389162561576
random_forest,riferimento (fase A),0.1,0.02825031928480204,0.021250319284802047,0.0355581098339719,-0.0025542784163473803,27.724137931034473,22.018965517241384,33.218965517241365
xgboost,riferimento (fase A),0.05,0.0522444041137326,0.04303145795523291,0.06123563218390805,0.05021173623714459,3.8620689655172233,-2.578160919540239,9.402873563218401
xgboost,riferimento (fase A),0.07,0.04046965764429612,0.03213607712272895,0.048946669138549,0.02978618217772834,14.193760262725764,7.9763546798029425,19.857224958949107
xgboost,riferimento (fase A),0.1,0.026538952745849297,0.019640485312899105,0.03382183908045977,-0.0025542784163473803,26.18390804597701,20.298850574712652,31.816091954022994
catboost,già calcolato (fase D),0.05,0.0514216575922565,0.04262431941923775,0.06036660617059891,0.05021173623714459,2.2988505747126378,-4.04885057471264,7.932183908045987
catboost,già calcolato (fase D),0.07,0.040331232233345685,0.03201532567049808,0.04919620566061055,0.02978618217772834,14.009852216748754,8.281937602627243,19.777175697865356
catboost,già calcolato (fase D),0.1,0.02600255427841635,0.0188492975734355,0.033768199233716475,-0.0025542784163473803,25.70114942528736,19.975287356321843,31.33390804597702
lightgbm,già calcolato (fase D),0.05,0.05286146400483968,0.04396642468239563,0.06239776164549304,0.05021173623714459,5.034482758620675,-1.0356321839080738,10.71379310344829
lightgbm,già calcolato (fase D),0.07,0.04119639105178593,0.032825732295142754,0.0500608701025831,0.02978618217772834,15.159277504105077,8.672660098522169,20.897536945812814
lightgbm,già calcolato (fase D),0.1,0.027611749680715204,0.020178160919540226,0.03504597701149425,-0.0025542784163473803,27.149425287356323,21.12643678160921,32.6896551724138
ebm,già calcolato (fase D),0.05,0.05324863883847549,0.044379612825166365,0.06245886267392619,0.05021173623714459,5.770114942528715,-0.1390804597701293,10.920689655172412
ebm,già calcolato (fase D),0.07,0.03955011741441107,0.031116734643430965,0.04824762081324927,0.02978618217772834,12.972085385878481,6.938998357963877,18.66346469622333
ebm,già calcolato (fase D),0.1,0.02684546615581098,0.01969093231162196,0.034509578544061295,-0.0025542784163473803,26.459770114942522,20.75862068965518,32.162643678160926
tabpfn,già calcolato (fase D),0.05,0.05369630973986691,0.044899274047186924,0.0628829401088929,0.05021173623714459,6.6206896551724075,0.4356321839080308,12.414367816091959
tabpfn,già calcolato (fase D),0.07,0.04311457174638486,0.034875417130144595,0.05161259424051414,0.02978618217772834,17.707717569786517,11.897536945812826,22.998522167487693
tabpfn,già calcolato (fase D),0.1,0.030753512132822472,0.02309067688378033,0.039032567049808425,-0.0025542784163473803,29.977011494252867,24.179885057471267,35.310919540229875
extra_trees,zoo nuovo,0.05,0.05364791288566244,0.04491197822141561,0.06287991530550513,0.05021173623714459,6.528735632183914,0.6367816091954087,12.04712643678161
extra_trees,zoo nuovo,0.07,0.039935731059201576,0.031489556297120254,0.048387158571252,0.02978618217772834,13.484400656814438,7.342939244663374,19.57660098522168
extra_trees,zoo nuovo,0.1,0.027407407407407408,0.02012579821200511,0.03491826309067688,-0.0025542784163473803,26.96551724137931,20.987356321839084,32.27758620689655
hist_gb,zoo nuovo,0.05,0.05184513006654567,0.04309679370840896,0.061198124621899566,0.05021173623714459,3.1034482758620507,-2.9672413793103383,9.149425287356324
hist_gb,zoo nuovo,0.07,0.04050179211469533,0.03230645161290322,0.04912847608453837,0.02978618217772834,14.236453201970427,8.477257799671586,20.058538587848926
hist_gb,zoo nuovo,0.1,0.025721583652618132,0.01854406130268199,0.03307854406130268,-0.0025542784163473803,25.448275862068957,19.608045977011493,31.197126436781613
svm_rbf,zoo nuovo,0.05,0.04594071385359952,0.036660314579552336,0.05537840290381124,0.05021173623714459,-8.114942528735632,-13.840229885057465,-2.5494252873562875
svm_rbf,zoo nuovo,0.07,0.02981090100111234,0.0212208626869361,0.03849110122358175,0.02978618217772834,0.03284072249588549,-5.90311986863711,5.532512315270954
svm_rbf,zoo nuovo,0.1,0.018084291187739465,0.010625798212005107,0.025568965517241377,-0.0025542784163473803,18.574712643678158,12.849425287356318,24.48505747126438
knn,zoo nuovo,0.05,0.04878402903811251,0.039828191167574106,0.05830762250453719,0.05021173623714459,-2.7126436781609438,-8.666666666666645,2.3908045977011443
knn,zoo nuovo,0.07,0.03477691261895933,0.02630045729823259,0.04321635150166851,0.02978618217772834,6.630541871921169,0.5244663382594479,11.991543513957303
knn,zoo nuovo,0.1,0.023346104725415068,0.01601532567049809,0.030830140485312893,-0.0025542784163473803,23.310344827586203,17.58620689655173,28.920689655172417
naive_bayes,zoo nuovo,0.05,0.05159104658197217,0.0427692075015124,0.06080036297640653,0.05021173623714459,2.620689655172411,-3.356896551724129,7.701724137931056
naive_bayes,zoo nuovo,0.07,0.03675194660734149,0.02845334322086268,0.04548807316771721,0.02978618217772834,9.254515599343184,3.345402298850582,15.120361247947459
naive_bayes,zoo nuovo,0.1,0.02653895274584929,0.01892656449553001,0.03407535121328225,-0.0025542784163473803,26.183908045977,20.320689655172416,31.54022988505747
lda,zoo nuovo,0.05,0.05036902601330913,0.04186085904416212,0.05938415003024803,0.05021173623714459,0.2988505747126266,-6.620689655172381,6.299425287356312
lda,zoo nuovo,0.07,0.0400271907057224,0.0314090965270053,0.04834754665677913,0.02978618217772834,13.605911330049247,7.144663382594428,19.364121510673243
lda,zoo nuovo,0.1,0.028352490421455934,0.021174968071519792,0.03611813537675605,-0.0025542784163473803,27.81609195402298,22.136206896551727,33.19540229885058
qda,zoo nuovo,0.05,0.05194192377495462,0.04317604355716878,0.06133182093163944,0.05021173623714459,3.287356321839064,-2.578160919540252,8.966666666666667
qda,zoo nuovo,0.07,0.03800519095291063,0.02985279940674823,0.04694932641206277,0.02978618217772834,10.919540229885035,4.63316912972087,17.022331691297197
qda,zoo nuovo,0.1,0.02676883780332056,0.019462962962962963,0.03428097062579822,-0.0025542784163473803,26.390804597701145,20.827586206896562,31.726436781609188
mlp,zoo nuovo,0.05,0.0482032667876588,0.03900423472474289,0.05787416817906835,0.05021173623714459,-3.8160919540229963,-8.989080459770122,0.920114942528756
mlp,zoo nuovo,0.07,0.03191447287109132,0.023408169571128398,0.0410312075145223,0.02978618217772834,2.827586206896534,-2.881937602627258,8.624466338259444
mlp,zoo nuovo,0.1,0.018952745849297577,0.012106002554278412,0.02618710089399743,-0.0025542784163473803,19.356321839080458,13.008620689655174,24.80574712643679
adaboost,zoo nuovo,0.05,0.05241379310344827,0.043423774954627944,0.06183303085299455,0.05021173623714459,4.183908045976996,-1.6356321839080534,9.564942528735637
adaboost,zoo nuovo,0.07,0.04010629094055122,0.03132832777159806,0.04929681127178346,0.02978618217772834,13.711001642036111,7.999835796387535,19.135960591133014
adaboost,zoo nuovo,0.1,0.02715197956577267,0.020150063856960405,0.03478991060025542,-0.0025542784163473803,26.73563218390804,20.758045977011502,32.11551724137931
spline_lr,zoo nuovo,0.05,0.05040532365396248,0.04183817301875378,0.059480338777979425,0.05021173623714459,0.3678160919539999,-6.213793103448278,6.852298850574719
spline_lr,zoo nuovo,0.07,0.04162649857866764,0.03335249042145593,0.0499445062415029,0.02978618217772834,15.730706075533638,9.805665024630564,21.025697865353063
spline_lr,zoo nuovo,0.1,0.02952745849297573,0.0223978288633461,0.03747701149425287,-0.0025542784163473803,28.873563218390796,23.379310344827587,34.18505747126438
lr_interactions,zoo nuovo,0.05,0.04953418027828191,0.04042044767090139,0.058561101028433156,0.05021173623714459,-1.287356321839092,-7.4747126436781555,4.554597701149423
lr_interactions,zoo nuovo,0.07,0.03528117661599307,0.026892411321221107,0.04393956247682609,0.02978618217772834,7.30049261083743,1.015599343185553,13.03793103448276
lr_interactions,zoo nuovo,0.1,0.022630906768837798,0.015401021711366543,0.030117496807151974,-0.0025542784163473803,22.666666666666657,16.827011494252883,28.0925287356322
combinato_lgbm,ACR + eGFR continui,0.05,0.05286146400483969,0.0440892316999395,0.06219026013309135,0.05021173623714459,5.034482758620688,-1.403448275862088,10.736206896551721
combinato_lgbm,ACR + eGFR continui,0.07,0.04243974786800147,0.03413984674329501,0.05120584600173031,0.02978618217772834,16.81116584564858,10.776272577996721,22.402380952380966
combinato_lgbm,ACR + eGFR continui,0.1,0.030140485312899104,0.022704342273307792,0.037372924648786714,-0.0025542784163473803,29.425287356321835,23.51724137931035,34.82816091954024
combinato_lgbm_etero,ACR + eGFR continui,0.05,0.051833030852994545,0.04263611615245008,0.060678463399879,0.05021173623714459,3.0804597701149175,-3.4741379310344938,9.05804597701151
combinato_lgbm_etero,ACR + eGFR continui,0.07,0.04061797058460016,0.03223235693980966,0.0491610431343468,0.02978618217772834,14.390804597701132,8.117159277504118,20.368144499178992
combinato_lgbm_etero,ACR + eGFR continui,0.1,0.029757343550447,0.022399106002554275,0.03731928480204342,-0.0025542784163473803,29.08045977011494,23.14885057471265,34.75919540229885
combinato_mlp,ACR + eGFR continui,0.05,0.04862673926194797,0.03986448880822746,0.057787053841500305,0.05021173623714459,-3.0114942528735704,-9.749999999999995,3.287931034482742
combinato_mlp,ACR + eGFR continui,0.07,0.038264738598442705,0.03005969595847237,0.04678290693362995,0.02978618217772834,11.264367816091939,4.672660098522185,16.653694581280803
combinato_mlp,ACR + eGFR continui,0.1,0.02842911877394636,0.021148148148148145,0.03601851851851851,-0.0025542784163473803,27.885057471264364,22.113218390804604,33.28850574712644
margine_kdigo,ACR + eGFR continui,0.05,0.05260738052026618,0.04382183908045977,0.061880520266182695,0.05021173623714459,4.551724137931022,-2.5528735632183936,10.784482758620673
margine_kdigo,ACR + eGFR continui,0.07,0.04060561117290817,0.03199097762946483,0.049395501174144096,0.02978618217772834,14.374384236453196,7.628160919540228,20.12487684729066
margine_kdigo,ACR + eGFR continui,0.1,0.027254150702426566,0.019719029374201787,0.03456066411238825,-0.0025542784163473803,26.827586206896548,20.803448275862074,32.43678160919541
stacking,combinazione di modelli,0.05,0.052776769509981857,0.04452117362371445,0.06185662431941924,0.05021173623714459,4.873563218390809,-1.402298850574719,10.691379310344848
stacking,combinazione di modelli,0.07,0.04168829563712767,0.03371950315164998,0.05023760968977875,0.02978618217772834,15.812807881773393,9.628899835796402,21.564039408867007
stacking,combinazione di modelli,0.1,0.028812260536398467,0.02150510855683269,0.036144955300127714,-0.0025542784163473803,28.22988505747126,22.458045977011494,33.37988505747127
rank_mean,combinazione di modelli,0.05,0.0526799758015729,0.04402722323049001,0.061927404718693284,0.05021173623714459,4.689655172413795,-1.4252873563218258,10.782183908045987
rank_mean,combinazione di modelli,0.07,0.0418020022246941,0.03393288839451242,0.050142195031516484,0.02978618217772834,15.963875205254508,10.170689655172415,21.449589490968794
rank_mean,combinazione di modelli,0.1,0.029169859514687105,0.021734355044699866,0.03673052362707535,-0.0025542784163473803,28.551724137931032,22.71206896551725,33.887356321839086
