model,role,subgroup,n,positives,prevalence,auc,auc_low,auc_high,pr_auc,pr_auc_lift,sensitivity,specificity,ppv,npv,alert_rate,severe_sensitivity,severe_cases
lr_penalized,riferimento (fase A),diabetici,263,68,0.2585551330798479,0.6688536953242834,0.5972370961089352,0.7404702945396316,0.3944003881164354,1.52540150109739,1.0,0.010256410256410256,0.26053639846743293,1.0,0.9923954372623575,1.0,16
lr_penalized,riferimento (fase A),non diabetici,4087,357,0.08735013457303646,0.6739781167158552,0.6432497566358173,0.704706476795893,0.19750070238387288,2.261023447178959,0.8711484593837535,0.27828418230563,0.10356310356310357,0.9575645756457565,0.7347687790555419,0.9090909090909091,55
lr_penalized,riferimento (fase A),donne,2280,211,0.0925438596491228,0.6911001720271487,0.6521182594073831,0.7300820846469143,0.2110582573050982,2.280629510216227,0.8672985781990521,0.3102948284195263,0.11366459627329192,0.9582089552238806,0.706140350877193,0.9473684210526315,38
lr_penalized,riferimento (fase A),uomini,2070,214,0.10338164251207729,0.7065541411537223,0.6669534972117988,0.7461547850956458,0.26763420961201734,2.588798195779794,0.9158878504672897,0.21443965517241378,0.1185006045949214,0.9567307692307693,0.7990338164251207,0.9090909090909091,33
lr_penalized,riferimento (fase A),età < 40,2212,129,0.05831826401446655,0.608662967470144,0.5568145986460565,0.6605113362942315,0.113304236533164,1.9428602419485175,0.7054263565891473,0.4411905904944791,0.07250996015936255,0.9602925809822361,0.5673598553345389,0.6923076923076923,13
lr_penalized,riferimento (fase A),età 40-59,1688,200,0.11848341232227488,0.6711424731182797,0.6287700018085836,0.7135149444279758,0.25345427999077674,2.1391541231221556,0.96,0.08064516129032258,0.12307692307692308,0.9375,0.9241706161137441,0.9705882352941176,34
lr_penalized,riferimento (fase A),età >= 60,450,96,0.21333333333333335,0.6455979284369114,0.5827923357815308,0.7084035210922921,0.32205900658871833,1.509651593384617,1.0,0.002824858757062147,0.21380846325167038,1.0,0.9977777777777778,1.0,24
lr_penalized,riferimento (fase A),ipertensione nota,147,46,0.3129251700680272,0.6528196297890658,0.5590819138443285,0.7465573457338032,0.4300307121682724,1.374228580189914,0.9782608695652174,0.0297029702970297,0.3146853146853147,0.75,0.9727891156462585,0.9230769230769231,13
lr_penalized,riferimento (fase A),ipertensione non nota,4203,379,0.09017368546276469,0.6807360263189852,0.6510938171656093,0.7103782354723611,0.2064607003666088,2.2895892444349784,0.8812664907651715,0.27118200836820083,0.10701698173662287,0.9584103512014788,0.7425648346419225,0.9310344827586207,58
random_forest,riferimento (fase A),diabetici,263,68,0.2585551330798479,0.7007541478129714,0.6329909607289995,0.7685173348969433,0.41996670120671437,1.6242829767259688,1.0,0.005128205128205128,0.2595419847328244,1.0,0.9961977186311787,1.0,16
random_forest,riferimento (fase A),non diabetici,4087,357,0.08735013457303646,0.6797921313297437,0.6498150892573401,0.7097691734021473,0.19385493805390386,2.2192860835470727,0.876750700280112,0.26970509383378016,0.10306223246624958,0.9580952380952381,0.7430878394910693,0.8545454545454545,55
random_forest,riferimento (fase A),donne,2280,211,0.0925438596491228,0.687778742392208,0.6488861588554763,0.7266713259289398,0.23042005630461293,2.489847053907666,0.8625592417061612,0.3073948767520541,0.11269349845201239,0.956390977443609,0.7083333333333334,0.868421052631579,38
random_forest,riferimento (fase A),uomini,2070,214,0.10338164251207729,0.7234606630679985,0.6859510670809021,0.7609702590550949,0.26203706970284446,2.5346576368452713,0.9299065420560748,0.19989224137931033,0.11817102137767221,0.961139896373057,0.8135265700483092,0.9090909090909091,33
random_forest,riferimento (fase A),età < 40,2212,129,0.05831826401446655,0.639421377187792,0.5897421113069665,0.6891006430686175,0.12571759637286456,2.1557156835409024,0.7596899224806202,0.41382621219395105,0.07429871114480667,0.9652855543113102,0.5962929475587704,0.7692307692307693,13
random_forest,riferimento (fase A),età 40-59,1688,200,0.11848341232227488,0.6748790322580644,0.6321601214181626,0.7175979430979663,0.2593048009901974,2.188532520357266,0.935,0.09744623655913978,0.12222222222222222,0.9177215189873418,0.9063981042654028,0.8529411764705882,34
random_forest,riferimento (fase A),età >= 60,450,96,0.21333333333333335,0.642596516007533,0.5800447162575677,0.7051483157574983,0.331826701872699,1.5554376650282766,1.0,0.0,0.21333333333333335,,1.0,1.0,24
random_forest,riferimento (fase A),ipertensione nota,147,46,0.3129251700680272,0.6708996986655187,0.5734928989290773,0.7683064984019601,0.4881257343895684,1.559880064244925,1.0,0.0,0.3129251700680272,,1.0,1.0,13
random_forest,riferimento (fase A),ipertensione non nota,4203,379,0.09017368546276469,0.6880444022477119,0.658937097050827,0.7171517074445968,0.20494999469080552,2.272835956953709,0.8839050131926122,0.26333682008368203,0.10628172588832488,0.9581351094196003,0.7499405186771354,0.8620689655172413,58
xgboost,riferimento (fase A),diabetici,263,68,0.2585551330798479,0.665233785822021,0.5903613395948171,0.7401062320492249,0.4042863263548806,1.5636368210490235,1.0,0.02564102564102564,0.26356589147286824,1.0,0.9809885931558935,1.0,16
xgboost,riferimento (fase A),non diabetici,4087,357,0.08735013457303646,0.6730431582820796,0.6424739672365027,0.7036123493276565,0.20560271607365255,2.353776752361395,0.8823529411764706,0.2638069705093834,0.10290754655341391,0.9590643274853801,0.7489601174455591,0.9272727272727272,55
xgboost,riferimento (fase A),donne,2280,211,0.0925438596491228,0.687996353299325,0.6485751362201211,0.7274175703785288,0.2421119885191931,2.616186416226352,0.8720379146919431,0.3078782020299662,0.11386138613861387,0.9593373493975904,0.7087719298245614,0.9473684210526315,38
xgboost,riferimento (fase A),uomini,2070,214,0.10338164251207729,0.7026038309700291,0.6637496556685373,0.7414580062715209,0.24856153823697646,2.4043102063109405,0.9299065420560748,0.1896551724137931,0.11685261303581915,0.9591280653950953,0.8227053140096618,0.9393939393939394,33
xgboost,riferimento (fase A),età < 40,2212,129,0.05831826401446655,0.628788978329556,0.5767423953276527,0.6808355613314594,0.12730712579732334,2.1829718004936374,0.751937984496124,0.39606337013922227,0.07158671586715867,0.9626604434072346,0.6125678119349005,0.8461538461538461,13
xgboost,riferimento (fase A),età 40-59,1688,200,0.11848341232227488,0.6528931451612903,0.609960897811885,0.6958253925106955,0.2335259860034833,1.9709593218693988,0.95,0.10887096774193548,0.12532981530343007,0.9418604651162791,0.8981042654028436,0.9411764705882353,34
xgboost,riferimento (fase A),età >= 60,450,96,0.21333333333333335,0.657986111111111,0.5933121841373565,0.7226600380848656,0.3788136007473094,1.7756887535030128,1.0,0.005649717514124294,0.21428571428571427,1.0,0.9955555555555555,1.0,24
xgboost,riferimento (fase A),ipertensione nota,147,46,0.3129251700680272,0.651097718467499,0.5517526258231762,0.7504428111118218,0.522987033693276,1.6712846511502517,1.0,0.0297029702970297,0.3194444444444444,1.0,0.9795918367346939,1.0,13
xgboost,riferimento (fase A),ipertensione non nota,4203,379,0.09017368546276469,0.6787081451960125,0.6490500799277787,0.7083662104642463,0.2067711424567666,2.2930319571129023,0.8891820580474934,0.25784518828451886,0.10614173228346457,0.9591439688715954,0.7554128003806805,0.9310344827586207,58
catboost,già calcolato (fase D),diabetici,263,68,0.2585551330798479,0.6907239819004525,0.6196226331433244,0.7618253306575805,0.41979790975180575,1.623630150951837,1.0,0.010256410256410256,0.26053639846743293,1.0,0.9923954372623575,1.0,16
catboost,già calcolato (fase D),non diabetici,4087,357,0.08735013457303646,0.6710448254368772,0.6404068850707167,0.7016827658030376,0.19480552211424473,2.230168540282684,0.8711484593837535,0.2707774798927614,0.10260640052787859,0.9564393939393939,0.7416197700024468,0.8545454545454545,55
catboost,già calcolato (fase D),donne,2280,211,0.0925438596491228,0.6793652175307348,0.6393279969009449,0.7194024381605246,0.22989153332359602,2.484135999894782,0.8530805687203792,0.3098115031416143,0.11194029850746269,0.9538690476190477,0.7052631578947368,0.868421052631579,38
catboost,già calcolato (fase D),uomini,2070,214,0.10338164251207729,0.7145781300354493,0.6766146959405628,0.7525415641303359,0.2531411491747496,2.448608312110896,0.9299065420560748,0.19989224137931033,0.11817102137767221,0.961139896373057,0.8135265700483092,0.9090909090909091,33
catboost,già calcolato (fase D),età < 40,2212,129,0.05831826401446655,0.6247436799190196,0.5723280146450913,0.6771593451929478,0.11990392627869953,2.0560270149494833,0.7441860465116279,0.4171867498799808,0.0732824427480916,0.9634146341463414,0.5922242314647378,0.7692307692307693,13
catboost,già calcolato (fase D),età 40-59,1688,200,0.11848341232227488,0.6669321236559139,0.6233661682655083,0.7104980790463196,0.25115925258897454,2.119784091850945,0.935,0.09475806451612903,0.12190352020860495,0.9155844155844156,0.9087677725118484,0.8529411764705882,34
catboost,già calcolato (fase D),età >= 60,450,96,0.21333333333333335,0.6345927495291902,0.5702267200858953,0.6989587789724852,0.3444376618479909,1.6145515399124573,1.0,0.005649717514124294,0.21428571428571427,1.0,0.9955555555555555,1.0,24
catboost,già calcolato (fase D),ipertensione nota,147,46,0.3129251700680272,0.6633663366336634,0.5655181956923482,0.7612144775749786,0.4913699846407363,1.5702475596127876,1.0,0.0,0.3129251700680272,,1.0,1.0,13
catboost,già calcolato (fase D),ipertensione non nota,4203,379,0.09017368546276469,0.6788978924940108,0.6492260990271151,0.7085696859609064,0.20278268345108924,2.2488011043401794,0.8786279683377308,0.26464435146443516,0.10588235294117647,0.9565217391304348,0.748275041636926,0.8620689655172413,58
lightgbm,già calcolato (fase D),diabetici,263,68,0.2585551330798479,0.6602564102564102,0.5870761022275099,0.7334367182853105,0.38949312105773665,1.506421924090952,1.0,0.03076923076923077,0.26459143968871596,1.0,0.9771863117870723,1.0,16
lightgbm,già calcolato (fase D),non diabetici,4087,357,0.08735013457303646,0.6828583444101501,0.6529830160792996,0.7127336727410006,0.20613423190723396,2.3598616409099864,0.8711484593837535,0.2812332439678284,0.10394385026737968,0.9579908675799087,0.7320773183264008,0.8727272727272727,55
lightgbm,già calcolato (fase D),donne,2280,211,0.0925438596491228,0.6920095565547841,0.6539251652049828,0.7300939479045855,0.24382496085296454,2.634696259453835,0.8625592417061612,0.3238279362010633,0.11511701454775458,0.9585121602288984,0.6934210526315789,0.8947368421052632,38
lightgbm,già calcolato (fase D),uomini,2070,214,0.10338164251207729,0.7184629793747985,0.6804979440263534,0.7564280147232436,0.24765896474147472,2.3955797056768815,0.9205607476635514,0.20743534482758622,0.11810551558752998,0.9577114427860697,0.8057971014492754,0.9090909090909091,33
lightgbm,già calcolato (fase D),età < 40,2212,129,0.05831826401446655,0.6379104377630653,0.5878315566013689,0.6879893189247618,0.12268119034505358,2.103649558474872,0.7286821705426356,0.4186269803168507,0.07203065134099616,0.9614112458654906,0.5899638336347197,0.7692307692307693,13
lightgbm,già calcolato (fase D),età 40-59,1688,200,0.11848341232227488,0.6721942204301076,0.6304217254206032,0.713966715439612,0.24325586501191615,2.0530795007005724,0.945,0.12163978494623656,0.12633689839572193,0.9427083333333334,0.8862559241706162,0.8823529411764706,34
lightgbm,già calcolato (fase D),età >= 60,450,96,0.21333333333333335,0.6579566854990583,0.5948440531026477,0.7210693178954689,0.3691182549091191,1.7302418198864957,1.0,0.005649717514124294,0.21428571428571427,1.0,0.9955555555555555,1.0,24
lightgbm,già calcolato (fase D),ipertensione nota,147,46,0.3129251700680272,0.6687473095135601,0.5713839157524108,0.7661107032747094,0.510720743438855,1.6320858540328627,1.0,0.0297029702970297,0.3194444444444444,1.0,0.9795918367346939,1.0,13
lightgbm,già calcolato (fase D),ipertensione non nota,4203,379,0.09017368546276469,0.6885239454190172,0.6596505972930651,0.7173972935449693,0.20295270682313737,2.2506866141890405,0.8786279683377308,0.27510460251046026,0.1072463768115942,0.9581056466302368,0.7387580299785867,0.8793103448275862,58
ebm,già calcolato (fase D),diabetici,263,68,0.2585551330798479,0.6883107088989442,0.6152650348983989,0.7613563828994895,0.4256873727240122,1.6464085150943413,1.0,0.015384615384615385,0.26153846153846155,1.0,0.9885931558935361,1.0,16
ebm,già calcolato (fase D),non diabetici,4087,357,0.08735013457303646,0.6715870262314041,0.6408493555199748,0.7023246969428334,0.20380280004482934,2.3331709909894047,0.8739495798319328,0.2780160857908847,0.1038269550748752,0.9584103512014788,0.7352581355517495,0.8909090909090909,55
ebm,già calcolato (fase D),donne,2280,211,0.0925438596491228,0.6936863058601471,0.6542631774851609,0.7331094342351333,0.2402156104189566,2.595694747655076,0.8672985781990521,0.3127114548090865,0.11401869158878504,0.9585185185185185,0.7039473684210527,0.9210526315789473,38
ebm,già calcolato (fase D),uomini,2070,214,0.10338164251207729,0.6982632734450532,0.6587655873802826,0.7377609595098239,0.25375475949551096,2.4545437016621854,0.9205607476635514,0.2117456896551724,0.11867469879518072,0.9585365853658536,0.8019323671497585,0.9090909090909091,33
ebm,già calcolato (fase D),età < 40,2212,129,0.05831826401446655,0.6243194259918796,0.5733719721030115,0.6752668798807477,0.12198921597816675,2.091784075532596,0.7751937984496124,0.4008641382621219,0.07418397626112759,0.9664351851851852,0.6094032549728752,0.7692307692307693,13
ebm,già calcolato (fase D),età 40-59,1688,200,0.11848341232227488,0.673508064516129,0.6309283407591858,0.7160877882730722,0.2519146454492943,2.126159607592044,0.93,0.13172043010752688,0.12584573748308525,0.9333333333333333,0.8755924170616114,0.9411764705882353,34
ebm,già calcolato (fase D),età >= 60,450,96,0.21333333333333335,0.6515124764595104,0.5881660506579018,0.7148589022611189,0.36747782828278563,1.7225523200755575,0.9791666666666666,0.025423728813559324,0.214123006833713,0.8181818181818182,0.9755555555555555,0.9583333333333334,24
ebm,già calcolato (fase D),ipertensione nota,147,46,0.3129251700680272,0.657339647008179,0.5588422403918867,0.7558370536244714,0.5069512241524846,1.6200397815307659,0.9782608695652174,0.019801980198019802,0.3125,0.6666666666666666,0.9795918367346939,1.0,13
ebm,già calcolato (fase D),ipertensione non nota,4203,379,0.09017368546276469,0.6791124794382928,0.6494127848406976,0.7088121740358879,0.20610723939434555,2.285669464840196,0.8839050131926122,0.27144351464435146,0.10733739186158282,0.9593345656192237,0.7425648346419225,0.896551724137931,58
tabpfn,già calcolato (fase D),diabetici,263,68,0.2585551330798479,0.686425339366516,0.617180615997318,0.7556700627357139,0.384154278209921,1.4857731642530767,1.0,0.0,0.2585551330798479,,1.0,1.0,16
tabpfn,già calcolato (fase D),non diabetici,4087,357,0.08735013457303646,0.6910649514497488,0.6611452513185828,0.7209846515809147,0.2133980608938092,2.4430192573473337,0.8795518207282913,0.2949061662198391,0.10665760869565218,0.9623797025371829,0.7203327624174211,0.9272727272727272,55
tabpfn,già calcolato (fase D),donne,2280,211,0.0925438596491228,0.7004803474444462,0.6617693217879526,0.7391913731009399,0.24391025936129263,2.6356179684537784,0.8483412322274881,0.36636056065732236,0.12013422818791947,0.959493670886076,0.6535087719298246,0.9210526315789473,38
tabpfn,già calcolato (fase D),uomini,2070,214,0.10338164251207729,0.7324388696422817,0.695686362949713,0.7691913763348504,0.2588997699166117,2.5043108585391876,0.9485981308411215,0.18426724137931033,0.11822947000582411,0.9688385269121813,0.8294685990338164,0.9696969696969697,33
tabpfn,già calcolato (fase D),età < 40,2212,129,0.05831826401446655,0.6584272088185272,0.6070267213453362,0.7098276962917183,0.15589325756746547,2.67314640107933,0.7441860465116279,0.471915506481037,0.0802675585284281,0.96751968503937,0.5406871609403255,0.8461538461538461,13
tabpfn,già calcolato (fase D),età 40-59,1688,200,0.11848341232227488,0.6762163978494624,0.6329208498495739,0.719511945849351,0.2490669182268791,2.1021247898348596,0.95,0.07862903225806452,0.12171684817424727,0.9212598425196851,0.9247630331753555,0.9411764705882353,34
tabpfn,già calcolato (fase D),età >= 60,450,96,0.21333333333333335,0.654719868173258,0.5901108616086491,0.7193288747378669,0.35926666651018657,1.6840624992664994,1.0,0.0,0.21333333333333335,,1.0,1.0,24
tabpfn,già calcolato (fase D),ipertensione nota,147,46,0.3129251700680272,0.6263452432199741,0.5298744682594517,0.7228160181804965,0.4322241973896831,1.381238196006161,1.0,0.019801980198019802,0.31724137931034485,1.0,0.9863945578231292,1.0,13
tabpfn,già calcolato (fase D),ipertensione non nota,4203,379,0.09017368546276469,0.6981727680197835,0.6692035084712528,0.7271420275683141,0.22189302477431852,2.4607292430777328,0.8865435356200527,0.2871338912133891,0.10973220117570215,0.9623137598597721,0.728527242445872,0.9310344827586207,58
extra_trees,zoo nuovo,diabetici,263,68,0.2585551330798479,0.6991704374057315,0.6284097414060096,0.7699311334054534,0.44167876332024153,1.708257569900346,1.0,0.0,0.2585551330798479,,1.0,1.0,16
extra_trees,zoo nuovo,non diabetici,4087,357,0.08735013457303646,0.6733367877982293,0.6436678023446393,0.7030057732518192,0.17999986703585255,2.060670746710166,0.8879551820728291,0.29812332439678285,0.1080068143100511,0.9652777777777778,0.7181306581844874,0.9454545454545454,55
extra_trees,zoo nuovo,donne,2280,211,0.0925438596491228,0.6745250928282317,0.6339723050814549,0.7150778805750085,0.22504245523198557,2.4317383788100813,0.8720379146919431,0.3069115514741421,0.11372064276885044,0.959214501510574,0.7096491228070175,0.9473684210526315,38
extra_trees,zoo nuovo,uomini,2070,214,0.10338164251207729,0.7190848573960682,0.6834973921751784,0.754672322616958,0.24921592647881222,2.41064003650066,0.9392523364485982,0.25700431034482757,0.12721518987341773,0.9734693877551021,0.7632850241545893,0.9696969696969697,33
extra_trees,zoo nuovo,età < 40,2212,129,0.05831826401446655,0.6222204855102398,0.5719007942687526,0.672540176751727,0.11346747958663103,1.9456594174079678,0.7209302325581395,0.45799327892462793,0.07610474631751228,0.9636363636363636,0.5524412296564195,0.8461538461538461,13
extra_trees,zoo nuovo,età 40-59,1688,200,0.11848341232227488,0.6673924731182796,0.6251614394201727,0.7096235068163866,0.2586694322317882,2.183170008036292,0.98,0.10618279569892473,0.12844036697247707,0.9753086419753086,0.9040284360189573,0.9705882352941176,34
extra_trees,zoo nuovo,età >= 60,450,96,0.21333333333333335,0.6229402071563088,0.5595781290999715,0.6863022852126461,0.3182116943981037,1.491617317491111,1.0,0.0,0.21333333333333335,,1.0,1.0,24
extra_trees,zoo nuovo,ipertensione nota,147,46,0.3129251700680272,0.6409814894532933,0.5469196743977454,0.7350433045088411,0.4205412204958629,1.3439034654976487,1.0,0.0,0.3129251700680272,,1.0,1.0,13
extra_trees,zoo nuovo,ipertensione non nota,4203,379,0.09017368546276469,0.6791918283083649,0.6504190656310469,0.7079645909856829,0.2007374200847973,2.226119727220061,0.8944591029023746,0.2907949790794979,0.1111111111111111,0.9652777777777778,0.7259100642398287,0.9482758620689655,58
hist_gb,zoo nuovo,diabetici,263,68,0.2585551330798479,0.6579939668174961,0.5868471991285179,0.7291407345064743,0.35701661480693103,1.3808142602091598,1.0,0.03076923076923077,0.26459143968871596,1.0,0.9771863117870723,1.0,16
hist_gb,zoo nuovo,non diabetici,4087,357,0.08735013457303646,0.668236946253032,0.6379660274536674,0.6985078650523966,0.19495883595934693,2.231923704666249,0.8739495798319328,0.2592493297587131,0.10146341463414635,0.9555335968379447,0.7523856129190115,0.8909090909090909,55
hist_gb,zoo nuovo,donne,2280,211,0.0925438596491228,0.6797019417764838,0.6408462541033924,0.7185576294495752,0.23112511580236245,2.4974657063004093,0.8672985781990521,0.291928467858869,0.11104368932038836,0.9556962025316456,0.7228070175438597,0.9210526315789473,38
hist_gb,zoo nuovo,uomini,2070,214,0.10338164251207729,0.7068952928617467,0.668327023683947,0.7454635620395463,0.23049944879338713,2.2295974719734177,0.9205607476635514,0.19881465517241378,0.1169833729216152,0.9559585492227979,0.8135265700483092,0.9090909090909091,33
hist_gb,zoo nuovo,età < 40,2212,129,0.05831826401446655,0.6274194568805427,0.5757498513116847,0.6790890624494007,0.11756764487085805,2.015966127553008,0.7596899224806202,0.3730196831493039,0.0698005698005698,0.9616336633663366,0.6347197106690777,0.8461538461538461,13
hist_gb,zoo nuovo,età 40-59,1688,200,0.11848341232227488,0.6551226478494624,0.6131410329674738,0.697104262731451,0.2261774503278567,1.9089376807671103,0.935,0.12634408602150538,0.12575655682582382,0.9353233830845771,0.8809241706161137,0.9117647058823529,34
hist_gb,zoo nuovo,età >= 60,450,96,0.21333333333333335,0.6492761299435029,0.5859866816239382,0.7125655782630677,0.336987565596389,1.5796292137330732,0.9895833333333334,0.022598870056497175,0.21541950113378686,0.8888888888888888,0.98,0.9583333333333334,24
hist_gb,zoo nuovo,ipertensione nota,147,46,0.3129251700680272,0.6442100731812311,0.5459342040031107,0.7424859423593516,0.44068157218073645,1.408265024142788,1.0,0.019801980198019802,0.31724137931034485,1.0,0.9863945578231292,1.0,13
hist_gb,zoo nuovo,ipertensione non nota,4203,379,0.09017368546276469,0.6770342290325787,0.6478257226466407,0.7062427354185167,0.19568253411164013,2.170062508895049,0.8812664907651715,0.25392259414225943,0.10480075305930342,0.9557086614173228,0.7582679038781822,0.896551724137931,58
svm_rbf,zoo nuovo,diabetici,263,68,0.2585551330798479,0.6345399698340876,0.5582331694146873,0.7108467702534879,0.3839320714743622,1.484913747025842,0.9558823529411765,0.03076923076923077,0.2559055118110236,0.6666666666666666,0.9657794676806084,0.9375,16
svm_rbf,zoo nuovo,non diabetici,4087,357,0.08735013457303646,0.5966003559600784,0.5628283383897901,0.6303723735303668,0.15639031715206358,1.7903843871162013,0.8823529411764706,0.1260053619302949,0.08811188811188811,0.91796875,0.8747247369708833,0.9636363636363636,55
svm_rbf,zoo nuovo,donne,2280,211,0.0925438596491228,0.6008855618599089,0.5553118037544128,0.6464593199654051,0.1830770086874367,1.9782728900822546,0.8720379146919431,0.11406476558724021,0.09122459097669806,0.8973384030418251,0.8846491228070176,0.9736842105263158,38
svm_rbf,zoo nuovo,uomini,2070,214,0.10338164251207729,0.6494345190138577,0.6072926433289292,0.6915763946987863,0.21488776809644522,2.0785872895310358,0.9158878504672897,0.12931034482758622,0.10816777041942605,0.9302325581395349,0.8753623188405797,0.9393939393939394,33
svm_rbf,zoo nuovo,età < 40,2212,129,0.05831826401446655,0.5380209670756623,0.4819025936893933,0.5941393404619313,0.10299075201860394,1.766011964846139,0.8449612403100775,0.1329812770043207,0.05691906005221932,0.9326599326599326,0.8657323688969258,1.0,13
svm_rbf,zoo nuovo,età 40-59,1688,200,0.11848341232227488,0.6340692204301076,0.5895645278447011,0.6785739130155141,0.2323636033735298,1.9611488124725913,0.91,0.1196236559139785,0.12198391420911528,0.9081632653061225,0.8838862559241706,0.9705882352941176,34
svm_rbf,zoo nuovo,età >= 60,450,96,0.21333333333333335,0.6062853107344632,0.5394920724014047,0.6730785490675217,0.30079742618135885,1.4099879352251194,0.9270833333333334,0.059322033898305086,0.2109004739336493,0.75,0.9377777777777778,0.9166666666666666,24
svm_rbf,zoo nuovo,ipertensione nota,147,46,0.3129251700680272,0.6381833835557469,0.5391399181285382,0.7372268489829555,0.47482983381517596,1.517390990670236,0.9565217391304348,0.04950495049504951,0.3142857142857143,0.7142857142857143,0.9523809523809523,1.0,13
svm_rbf,zoo nuovo,ipertensione non nota,4203,379,0.09017368546276469,0.6067159503648668,0.5737752217044931,0.6396566790252405,0.16798249169829035,1.8628770781211461,0.8865435356200527,0.12316945606694561,0.09108159392789374,0.9163424124513618,0.8777064001903402,0.9482758620689655,58
knn,zoo nuovo,diabetici,263,68,0.2585551330798479,0.684841628959276,0.6145802265083208,0.7551030314102313,0.4017249995641692,1.5537305130202426,1.0,0.05128205128205128,0.26877470355731226,1.0,0.9619771863117871,1.0,16
knn,zoo nuovo,non diabetici,4087,357,0.08735013457303646,0.6254545249735283,0.593774986157578,0.6571340637894786,0.14845759584190124,1.699569171444959,0.8627450980392157,0.2099195710455764,0.09462365591397849,0.9411057692307693,0.7964276975776854,0.8363636363636363,55
knn,zoo nuovo,donne,2280,211,0.0925438596491228,0.6261330083677119,0.5843484994127675,0.6679175173226564,0.17121291833411673,1.850073240766759,0.8720379146919431,0.20057999033349444,0.10010881392818281,0.9389140271493213,0.8061403508771929,0.868421052631579,38
knn,zoo nuovo,uomini,2070,214,0.10338164251207729,0.6871903198517563,0.6475012652265755,0.7268793744769371,0.218223438277586,2.110852884273846,0.897196261682243,0.2036637931034483,0.11497005988023952,0.945,0.8067632850241546,0.8787878787878788,33
knn,zoo nuovo,età < 40,2212,129,0.05831826401446655,0.5797950927962428,0.5262317226261162,0.6333584629663693,0.09250923859857872,1.5862824479074118,0.751937984496124,0.30196831493038884,0.06254029658284978,0.9515885022692889,0.7011754068716094,0.5384615384615384,13
knn,zoo nuovo,età 40-59,1688,200,0.11848341232227488,0.6229939516129033,0.5792481585660421,0.6667397446597645,0.20353396528450698,1.717826667001239,0.93,0.1028225806451613,0.1222879684418146,0.9161676646706587,0.9010663507109005,0.9117647058823529,34
knn,zoo nuovo,età >= 60,450,96,0.21333333333333335,0.6103460451977402,0.5442079272888719,0.6764841631066084,0.2986441260073301,1.3998943406593598,0.96875,0.031073446327683617,0.21330275229357798,0.7857142857142857,0.9688888888888889,1.0,24
knn,zoo nuovo,ipertensione nota,147,46,0.3129251700680272,0.6472234179939734,0.5513320457590065,0.7431147902289403,0.4154336699859126,1.3275815106071553,0.9565217391304348,0.039603960396039604,0.3120567375886525,0.6666666666666666,0.9591836734693877,0.9230769230769231,13
knn,zoo nuovo,ipertensione non nota,4203,379,0.09017368546276469,0.6393659404290083,0.6087438520153159,0.6699880288427007,0.16770846185993749,1.859838166747539,0.8759894459102903,0.20632845188284518,0.0986040986040986,0.94377990430622,0.801094456340709,0.8620689655172413,58
naive_bayes,zoo nuovo,diabetici,263,68,0.2585551330798479,0.668024132730015,0.5987236760646588,0.7373245893953713,0.35428384573299226,1.3702448739378965,1.0,0.0,0.2585551330798479,,1.0,1.0,16
naive_bayes,zoo nuovo,non diabetici,4087,357,0.08735013457303646,0.6543263417967724,0.623314906249321,0.6853377773442239,0.1567709970174911,1.7947424784607453,0.8823529411764706,0.2544235924932976,0.10174418604651163,0.9576185671039354,0.7575238561291902,0.9272727272727272,55
naive_bayes,zoo nuovo,donne,2280,211,0.0925438596491228,0.668585460384507,0.6283322018831492,0.7088387188858647,0.17662233480009173,1.908525703053124,0.8625592417061612,0.3069115514741421,0.11262376237623763,0.9563253012048193,0.7087719298245614,0.9210526315789473,38
naive_bayes,zoo nuovo,uomini,2070,214,0.10338164251207729,0.6986069428778601,0.6593951354314203,0.7378187503242999,0.22967911428012605,2.221662460560098,0.9392523364485982,0.16918103448275862,0.1153184165232358,0.9602446483180428,0.8420289855072464,0.9696969696969697,33
naive_bayes,zoo nuovo,età < 40,2212,129,0.05831826401446655,0.5958088177829384,0.5411909912487307,0.650426644317146,0.0929638599257243,1.5940779701992414,0.7441860465116279,0.3619779164666347,0.06736842105263158,0.9580686149936467,0.6442133815551537,0.7692307692307693,13
naive_bayes,zoo nuovo,età 40-59,1688,200,0.11848341232227488,0.664445564516129,0.6214704845048743,0.7074206445273837,0.24033019142385126,2.0283868156173046,0.96,0.1256720430107527,0.12860013395847286,0.958974358974359,0.884478672985782,0.9705882352941176,34
naive_bayes,zoo nuovo,età >= 60,450,96,0.21333333333333335,0.638006120527307,0.577911957389134,0.6981002836654799,0.2935667455042352,1.3760941195511025,0.9895833333333334,0.022598870056497175,0.21541950113378686,0.8888888888888888,0.98,1.0,24
naive_bayes,zoo nuovo,ipertensione nota,147,46,0.3129251700680272,0.65572535514421,0.5587728184725336,0.7526778918158865,0.4382597284173837,1.4005256538555522,1.0,0.009900990099009901,0.3150684931506849,1.0,0.9931972789115646,1.0,13
naive_bayes,zoo nuovo,ipertensione non nota,4203,379,0.09017368546276469,0.6619820933749904,0.631884355624172,0.6920798311258087,0.17233478850611816,1.9111427865203552,0.8891820580474934,0.24790794979079497,0.10488639900404606,0.9575757575757575,0.7644539614561028,0.9310344827586207,58
lda,zoo nuovo,diabetici,263,68,0.2585551330798479,0.689366515837104,0.6175593538454712,0.7611736778287367,0.42741175553516064,1.6530778192021656,1.0,0.0,0.2585551330798479,,1.0,1.0,16
lda,zoo nuovo,non diabetici,4087,357,0.08735013457303646,0.6727833224442592,0.6417265643825227,0.7038400805059957,0.19976795436427772,2.28697935430477,0.8683473389355743,0.24262734584450402,0.09888357256778309,0.9506302521008403,0.7670663078052361,0.9454545454545454,55
lda,zoo nuovo,donne,2280,211,0.0925438596491228,0.6899915017214168,0.6502972683522682,0.7296857350905653,0.2124544028511165,2.2957158222774674,0.8672985781990521,0.2566457225712905,0.1063335270191749,0.9499105545617174,0.7548245614035087,0.9736842105263158,38
lda,zoo nuovo,uomini,2070,214,0.10338164251207729,0.7071458064776024,0.6673629025150714,0.7469287104401334,0.283842381805385,2.7455781791455465,0.9112149532710281,0.20150862068965517,0.11627906976744186,0.9516539440203562,0.8101449275362319,0.9393939393939394,33
lda,zoo nuovo,età < 40,2212,129,0.05831826401446655,0.6016292839412446,0.5481096467160996,0.6551489211663896,0.11540058168278293,1.9788068735063242,0.7131782945736435,0.37253960633701394,0.06576125804145819,0.9544895448954489,0.6324593128390597,0.8461538461538461,13
lda,zoo nuovo,età 40-59,1688,200,0.11848341232227488,0.6755611559139786,0.6333842209574243,0.7177380908705329,0.26367551009971524,2.2254213052415968,0.95,0.08602150537634409,0.12258064516129032,0.927536231884058,0.9182464454976303,0.9705882352941176,34
lda,zoo nuovo,età >= 60,450,96,0.21333333333333335,0.6490112994350282,0.5859523031234731,0.7120702957465833,0.33255071584111773,1.5588314805052392,1.0,0.002824858757062147,0.21380846325167038,1.0,0.9977777777777778,1.0,24
lda,zoo nuovo,ipertensione nota,147,46,0.3129251700680272,0.6614291863969006,0.5682458851208613,0.75461248767294,0.4409334531406951,1.4090699480800473,1.0,0.0,0.3129251700680272,,1.0,1.0,13
lda,zoo nuovo,ipertensione non nota,4203,379,0.09017368546276469,0.6804972897185944,0.6505642118945545,0.7104303675426342,0.21368715805042068,2.3697285627596787,0.8759894459102903,0.236663179916318,0.1021224238695786,0.9506302521008403,0.7734951225315251,0.9482758620689655,58
qda,zoo nuovo,diabetici,263,68,0.2585551330798479,0.6917420814479637,0.6217438066235426,0.7617403562723848,0.4126917545561628,1.596146050709865,1.0,0.005128205128205128,0.2595419847328244,1.0,0.9961977186311787,1.0,16
qda,zoo nuovo,non diabetici,4087,357,0.08735013457303646,0.6666670421519815,0.6359047094423491,0.6974293748616138,0.17435725902294683,1.9960731586184415,0.8795518207282913,0.2592493297587131,0.10204744881377965,0.9574257425742574,0.752874969415219,0.9454545454545454,55
qda,zoo nuovo,donne,2280,211,0.0925438596491228,0.6861672763589801,0.6470077340190059,0.7253268186989543,0.19730068345597854,2.1319694705195786,0.8625592417061612,0.3044949250845819,0.11227637260950031,0.9559939301972686,0.7109649122807018,0.9473684210526315,38
qda,zoo nuovo,uomini,2070,214,0.10338164251207729,0.705526909442475,0.6659809401659649,0.7450728787189851,0.256953907949134,2.4854887357696605,0.9345794392523364,0.18211206896551724,0.11641443538998836,0.9602272727272727,0.8299516908212561,0.9696969696969697,33
qda,zoo nuovo,età < 40,2212,129,0.05831826401446655,0.6079335484375175,0.5543549992404535,0.6615120976345814,0.11412782538709709,1.956982556250068,0.7286821705426356,0.41910705712914065,0.07208588957055215,0.961453744493392,0.5895117540687161,0.7692307692307693,13
qda,zoo nuovo,età 40-59,1688,200,0.11848341232227488,0.6571875,0.6136439517365434,0.7007310482634567,0.24700483840004228,2.084720836096357,0.96,0.06317204301075269,0.1210592686002522,0.9215686274509803,0.9395734597156398,1.0,34
qda,zoo nuovo,età >= 60,450,96,0.21333333333333335,0.6641949152542374,0.6057592545733587,0.722630575935116,0.32044099956933825,1.502067185481273,1.0,0.002824858757062147,0.21380846325167038,1.0,0.9977777777777778,1.0,24
qda,zoo nuovo,ipertensione nota,147,46,0.3129251700680272,0.6594920361601377,0.5666475410170734,0.7523365313032021,0.42759758391582325,1.3664531486005655,1.0,0.04950495049504951,0.323943661971831,1.0,0.9659863945578231,1.0,13
qda,zoo nuovo,ipertensione non nota,4203,379,0.09017368546276469,0.6761444867025095,0.6462627893702604,0.7060261840347586,0.19854376297934584,2.201792706602086,0.8865435356200527,0.2518305439330544,0.10509852987175478,0.9572564612326043,0.7606471567927671,0.9482758620689655,58
mlp,zoo nuovo,diabetici,263,68,0.2585551330798479,0.5984917043740573,0.5133778537067868,0.6836055550413278,0.4028807342334281,1.5582004868145822,0.9705882352941176,0.035897435897435895,0.25984251968503935,0.7777777777777778,0.9657794676806084,1.0,16
mlp,zoo nuovo,non diabetici,4087,357,0.08735013457303646,0.6224375004693566,0.589847027635644,0.6550279733030693,0.15304653840337548,1.7521042085562901,0.8851540616246498,0.1544235924932976,0.09106628242074928,0.93354943273906,0.8490335209199902,0.9454545454545454,55
mlp,zoo nuovo,donne,2280,211,0.0925438596491228,0.6428249102641339,0.6017631021623723,0.6838867183658955,0.16740725469544404,1.808950429884419,0.8957345971563981,0.16964717254712422,0.09910854745673833,0.9410187667560321,0.8364035087719298,0.9210526315789473,38
mlp,zoo nuovo,uomini,2070,214,0.10338164251207729,0.6344666451820818,0.5907374865347416,0.6781958038294221,0.22778712087389882,2.203361402845657,0.9018691588785047,0.125,0.10621904237754541,0.9169960474308301,0.8777777777777778,1.0,33
mlp,zoo nuovo,età < 40,2212,129,0.05831826401446655,0.5431790016635221,0.48678589004119127,0.5995721132858528,0.08663014549430345,1.4854719521968933,0.7596899224806202,0.23331733077292366,0.05781710914454277,0.9400386847195358,0.7662748643761302,0.7692307692307693,13
mlp,zoo nuovo,età 40-59,1688,200,0.11848341232227488,0.5996135752688171,0.554974399764166,0.6442527507734682,0.19700070560663818,1.6626859553200262,0.94,0.05846774193548387,0.118313404657017,0.8787878787878788,0.941350710900474,1.0,34
mlp,zoo nuovo,età >= 60,450,96,0.21333333333333335,0.6003707627118645,0.5343215701920245,0.6664199552317045,0.327513570651736,1.5352198624300122,1.0,0.02824858757062147,0.21818181818181817,1.0,0.9777777777777777,1.0,24
mlp,zoo nuovo,ipertensione nota,147,46,0.3129251700680272,0.5641411967283684,0.4609934704745849,0.6672889229821519,0.43241584893849694,1.3818506476947618,0.9782608695652174,0.0297029702970297,0.3146853146853147,0.75,0.9727891156462585,0.9230769230769231,13
mlp,zoo nuovo,ipertensione non nota,4203,379,0.09017368546276469,0.6208572989920623,0.5890421588309726,0.6526724391531521,0.1646219950456169,1.8256101455850338,0.8891820580474934,0.151673640167364,0.09410779111979894,0.932475884244373,0.8520104687128242,0.9655172413793104,58
adaboost,zoo nuovo,diabetici,263,68,0.2585551330798479,0.6471342383107089,0.5729424364033674,0.7213260402180505,0.37416210871203937,1.4471269792833288,1.0,0.035897435897435895,0.265625,1.0,0.973384030418251,1.0,16
adaboost,zoo nuovo,non diabetici,4087,357,0.08735013457303646,0.6737547029535675,0.6433972779213781,0.704112127985757,0.19780716138825755,2.264531844800584,0.8823529411764706,0.2667560321715818,0.10327868852459017,0.9594985535197685,0.746268656716418,0.9272727272727272,55
adaboost,zoo nuovo,donne,2280,211,0.0925438596491228,0.6933358377676327,0.6551909407515409,0.7314807347837246,0.2312816920019832,2.49915761973707,0.8625592417061612,0.3542774287095215,0.11989459815546773,0.9619422572178478,0.6657894736842105,0.9210526315789473,38
adaboost,zoo nuovo,uomini,2070,214,0.10338164251207729,0.7031980140186916,0.6636748085239169,0.7427212195134664,0.2398653206761036,2.320192587848292,0.9392523364485982,0.14493534482758622,0.11241610738255034,0.9539007092198581,0.863768115942029,0.9696969696969697,33
adaboost,zoo nuovo,età < 40,2212,129,0.05831826401446655,0.6231248162496696,0.5700073332358111,0.6762422992635282,0.13861841618325685,2.3769297410648385,0.7209302325581395,0.4200672107537206,0.07148347425057648,0.960482985729967,0.5881555153707052,0.7692307692307693,13
adaboost,zoo nuovo,età 40-59,1688,200,0.11848341232227488,0.653635752688172,0.610659807302375,0.6966116980739689,0.22808707641566717,1.925054924948231,0.97,0.0846774193548387,0.12467866323907455,0.9545454545454546,0.9218009478672986,0.9705882352941176,34
adaboost,zoo nuovo,età >= 60,450,96,0.21333333333333335,0.6400659133709982,0.5761082784994142,0.7040235482425822,0.3484192120428575,1.6332150564508943,1.0,0.002824858757062147,0.21380846325167038,1.0,0.9977777777777778,1.0,24
adaboost,zoo nuovo,ipertensione nota,147,46,0.3129251700680272,0.654326302195437,0.5564808733261377,0.7521717310647362,0.48359023953938446,1.5453862002671632,1.0,0.019801980198019802,0.31724137931034485,1.0,0.9863945578231292,1.0,13
adaboost,zoo nuovo,ipertensione non nota,4203,379,0.09017368546276469,0.6792725571587861,0.6499046581653537,0.7086404561522185,0.19782395320012514,2.1938102250662954,0.8891820580474934,0.2615062761506276,0.10661183169882948,0.9596928982725528,0.7520818463002618,0.9310344827586207,58
spline_lr,zoo nuovo,diabetici,263,68,0.2585551330798479,0.6555052790346908,0.5815493002088087,0.7294612578605729,0.402215637023734,1.5556281255476772,1.0,0.0,0.2585551330798479,,1.0,1.0,16
spline_lr,zoo nuovo,non diabetici,4087,357,0.08735013457303646,0.6808172062390639,0.6493977785904788,0.7122366338876491,0.20659213967983175,2.365103851180595,0.8739495798319328,0.225201072386059,0.09743910056214866,0.9491525423728814,0.7834597504281869,0.9272727272727272,55
spline_lr,zoo nuovo,donne,2280,211,0.0925438596491228,0.6943918233274313,0.6538326571200462,0.7349509895348164,0.23725556681416313,2.5637094423520947,0.8720379146919431,0.24069598840019332,0.10484330484330484,0.9485714285714286,0.7697368421052632,0.9210526315789473,38
spline_lr,zoo nuovo,uomini,2070,214,0.10338164251207729,0.7118287745729939,0.6728033546695323,0.7508541944764554,0.25426643543726146,2.4594930904445387,0.9158878504672897,0.18426724137931033,0.11461988304093568,0.95,0.8260869565217391,0.9696969696969697,33
spline_lr,zoo nuovo,età < 40,2212,129,0.05831826401446655,0.6369688917668687,0.5830439820907496,0.6908938014429877,0.12865593563926186,2.2061002297212964,0.7829457364341085,0.3451752280364858,0.0689419795221843,0.9625167336010709,0.6622965641952984,0.9230769230769231,13
spline_lr,zoo nuovo,età 40-59,1688,200,0.11848341232227488,0.6680376344086021,0.6238610559556845,0.7122142128615196,0.24069942959977483,2.0315031858220998,0.915,0.0793010752688172,0.11783644558918223,0.8740740740740741,0.9200236966824644,0.9117647058823529,34
spline_lr,zoo nuovo,età >= 60,450,96,0.21333333333333335,0.6636064030131826,0.6023017329576797,0.7249110730686855,0.36299050640015895,1.701517998750745,1.0,0.00847457627118644,0.21476510067114093,1.0,0.9933333333333333,1.0,24
spline_lr,zoo nuovo,ipertensione nota,147,46,0.3129251700680272,0.6564786913473956,0.5630520891205621,0.749905293574229,0.5145024028112651,1.6441707220273036,1.0,0.0,0.3129251700680272,,1.0,1.0,13
spline_lr,zoo nuovo,ipertensione non nota,4203,379,0.09017368546276469,0.6855618175997175,0.6553474203737053,0.7157762148257296,0.20298173252377347,2.251008500784749,0.8812664907651715,0.2196652719665272,0.10066305003013863,0.9491525423728814,0.7894361170592434,0.9310344827586207,58
lr_interactions,zoo nuovo,diabetici,263,68,0.2585551330798479,0.7161387631975868,0.6499947312855447,0.782282795109629,0.4318873810720105,1.6703879591461583,1.0,0.05128205128205128,0.26877470355731226,1.0,0.9619771863117871,1.0,16
lr_interactions,zoo nuovo,non diabetici,4087,357,0.08735013457303646,0.6379615653231802,0.605504071752124,0.6704190588942364,0.18165205679850063,2.0795853113038434,0.8795518207282913,0.21876675603217158,0.09727385377942999,0.9499417927823051,0.7898213848788843,0.9272727272727272,55
lr_interactions,zoo nuovo,donne,2280,211,0.0925438596491228,0.6387384064925932,0.5948143667078368,0.6826624462773495,0.21489045000170282,2.3220389858003907,0.8767772511848341,0.20879652005799904,0.10153677277716795,0.9432314410480349,0.7991228070175439,0.9210526315789473,38
lr_interactions,zoo nuovo,uomini,2070,214,0.10338164251207729,0.7010604656783759,0.6619147102106185,0.7402062211461332,0.24995837405994895,2.417821655626609,0.9205607476635514,0.2122844827586207,0.11874623267028331,0.9586374695863747,0.8014492753623188,0.9696969696969697,33
lr_interactions,zoo nuovo,età < 40,2212,129,0.05831826401446655,0.5580502182674809,0.5012049961736538,0.614895440361308,0.10438709598666085,1.789955475368169,0.7364341085271318,0.31108977436389823,0.06209150326797386,0.9501466275659824,0.6916817359855335,0.7692307692307693,13
lr_interactions,zoo nuovo,età 40-59,1688,200,0.11848341232227488,0.6651612903225805,0.6218870487956684,0.7084355318494927,0.25931721211256986,2.18863727023009,0.955,0.11290322580645161,0.12640635340833886,0.9491525423728814,0.8951421800947867,0.9705882352941176,34
lr_interactions,zoo nuovo,età >= 60,450,96,0.21333333333333335,0.6295903954802261,0.5624493321459114,0.6967314588145408,0.3295609983871875,1.5448171799399413,1.0,0.02824858757062147,0.21818181818181817,1.0,0.9777777777777777,1.0,24
lr_interactions,zoo nuovo,ipertensione nota,147,46,0.3129251700680272,0.6356005165733964,0.538741632693777,0.7324594004530159,0.41701293108825677,1.332628279782038,0.9782608695652174,0.019801980198019802,0.3125,0.6666666666666666,0.9795918367346939,0.9230769230769231,13
lr_interactions,zoo nuovo,ipertensione non nota,4203,379,0.09017368546276469,0.6522773815700865,0.6208961487430187,0.6836586143971544,0.20147967108321047,2.234351075363413,0.8891820580474934,0.21548117154811716,0.10098891219658376,0.9515011547344111,0.7939566975969545,0.9482758620689655,58
combinato_lgbm,ACR + eGFR continui,diabetici,263,68,0.2585551330798479,0.6789592760180996,0.6070636523842978,0.7508548996519013,0.44418304779619644,1.7179432583882304,1.0,0.05128205128205128,0.26877470355731226,1.0,0.9619771863117871,1.0,16
combinato_lgbm,ACR + eGFR continui,non diabetici,4087,357,0.08735013457303646,0.687432881999985,0.6565871268265805,0.7182786371733895,0.2196269328300644,2.5143284999340985,0.8795518207282913,0.2546916890080429,0.10148674854557208,0.9566968781470292,0.7570344996329826,0.8909090909090909,55
combinato_lgbm,ACR + eGFR continui,donne,2280,211,0.0925438596491228,0.6990956548828452,0.6590173891201774,0.739173920645513,0.25421616346809767,2.7469803445841836,0.9146919431279621,0.2015466408893185,0.1046070460704607,0.9586206896551724,0.8092105263157895,0.9473684210526315,38
combinato_lgbm,ACR + eGFR continui,uomini,2070,214,0.10338164251207729,0.7224485377054463,0.6843224229695972,0.7605746524412953,0.27139466194209805,2.6251726645801075,0.883177570093458,0.2925646551724138,0.12583222370173103,0.9559859154929577,0.7256038647342995,0.8787878787878788,33
combinato_lgbm,ACR + eGFR continui,età < 40,2212,129,0.05831826401446655,0.6462503768044747,0.592480270544337,0.7000204830646124,0.14518670961169977,2.489558152411472,0.7984496124031008,0.33509361497839657,0.06922043010752688,0.9640883977900553,0.6726943942133815,0.8461538461538461,13
combinato_lgbm,ACR + eGFR continui,età 40-59,1688,200,0.11848341232227488,0.6818497983870968,0.6398825742636874,0.7238170225105062,0.27436599434605186,2.3156489922806776,0.915,0.17271505376344087,0.12942008486562942,0.9379562043795621,0.8376777251184834,0.8823529411764706,34
combinato_lgbm,ACR + eGFR continui,età >= 60,450,96,0.21333333333333335,0.6496733757062148,0.5860156687332775,0.713331082679152,0.37244687300294654,1.7458447172013118,1.0,0.014124293785310734,0.2157303370786517,1.0,0.9888888888888889,1.0,24
combinato_lgbm,ACR + eGFR continui,ipertensione nota,147,46,0.3129251700680272,0.6890873869995694,0.5935142373998439,0.7846605365992949,0.5426298871892677,1.734056378626573,1.0,0.009900990099009901,0.3150684931506849,1.0,0.9931972789115646,1.0,13
combinato_lgbm,ACR + eGFR continui,ipertensione non nota,4203,379,0.09017368546276469,0.6943771320696392,0.6647533299188542,0.7240009342204243,0.2193675852578294,2.432722851817037,0.8865435356200527,0.2507845188284519,0.1049671977507029,0.9570858283433133,0.761598857958601,0.896551724137931,58
combinato_lgbm_etero,ACR + eGFR continui,diabetici,263,68,0.2585551330798479,0.6723604826546002,0.6006204072952189,0.7441005580139816,0.40401514608621647,1.5625879914805139,1.0,0.02564102564102564,0.26356589147286824,1.0,0.9809885931558935,1.0,16
combinato_lgbm_etero,ACR + eGFR continui,non diabetici,4087,357,0.08735013457303646,0.6830858885109002,0.6526933900794292,0.7134783869423713,0.21652552648611462,2.478823044114147,0.8739495798319328,0.2833780160857909,0.10452261306532663,0.9591651542649727,0.7303645705896746,0.8727272727272727,55
combinato_lgbm_etero,ACR + eGFR continui,donne,2280,211,0.0925438596491228,0.6931125002576971,0.6533874562382905,0.7328375442771037,0.24922403109538552,2.6930369236847347,0.8483412322274881,0.3098115031416143,0.11138767890479154,0.9524517087667161,0.7048245614035088,0.8947368421052632,38
combinato_lgbm_etero,ACR + eGFR continui,uomini,2070,214,0.10338164251207729,0.720925314212053,0.6833783030735416,0.7584723253505643,0.26244531222897705,2.538606524831694,0.9392523364485982,0.22683189655172414,0.12286063569682151,0.9700460829493087,0.7903381642512077,0.9090909090909091,33
combinato_lgbm_etero,ACR + eGFR continui,età < 40,2212,129,0.05831826401446655,0.6539278842754376,0.6037172563346564,0.7041385122162187,0.13245761488543534,2.271288714159558,0.7751937984496124,0.39462313970235235,0.07347538574577517,0.9659224441833137,0.6152802893309223,0.7692307692307693,13
combinato_lgbm_etero,ACR + eGFR continui,età 40-59,1688,200,0.11848341232227488,0.6714549731182796,0.6282280138727634,0.7146819323637958,0.2668683039518154,2.2523684853533217,0.92,0.15725806451612903,0.12795549374130738,0.936,0.8518957345971564,0.8823529411764706,34
combinato_lgbm_etero,ACR + eGFR continui,età >= 60,450,96,0.21333333333333335,0.6560881591337099,0.5929487034000557,0.7192276148673641,0.3713872685442887,1.7408778213013532,1.0,0.01694915254237288,0.21621621621621623,1.0,0.9866666666666667,1.0,24
combinato_lgbm_etero,ACR + eGFR continui,ipertensione nota,147,46,0.3129251700680272,0.6711149375807146,0.5760370530037275,0.7661928221577017,0.47719806900059814,1.5249590465888678,1.0,0.019801980198019802,0.31724137931034485,1.0,0.9863945578231292,1.0,13
combinato_lgbm_etero,ACR + eGFR continui,ipertensione non nota,4203,379,0.09017368546276469,0.6901512872456697,0.6608745445719073,0.719428029919432,0.21922607650917253,2.4311535608655728,0.8812664907651715,0.27719665271966526,0.1078114912846998,0.9592760180995475,0.7370925529383774,0.8793103448275862,58
combinato_mlp,ACR + eGFR continui,diabetici,263,68,0.2585551330798479,0.7025263951734539,0.6360381650627452,0.7690146252841626,0.4490132290389855,1.7366246946654882,1.0,0.041025641025641026,0.26666666666666666,1.0,0.9695817490494296,1.0,16
combinato_mlp,ACR + eGFR continui,non diabetici,4087,357,0.08735013457303646,0.6624454607580298,0.6293334664514013,0.6955574550646583,0.19686446948355507,2.2537397388775617,0.8823529411764706,0.15764075067024128,0.0911194677466011,0.9333333333333333,0.8458527036946415,0.9272727272727272,55
combinato_mlp,ACR + eGFR continui,donne,2280,211,0.0925438596491228,0.6710330104292891,0.628122098640022,0.7139439222185562,0.21625244961538337,2.3367563275975076,0.9241706161137441,0.10729821169647173,0.09549461312438785,0.9327731092436975,0.8956140350877193,0.9736842105263158,38
combinato_mlp,ACR + eGFR continui,uomini,2070,214,0.10338164251207729,0.7125148545762165,0.6713995493296921,0.753630159822741,0.2778864298946155,2.687966868606795,0.8785046728971962,0.20150862068965517,0.1125748502994012,0.935,0.8067632850241546,0.9090909090909091,33
combinato_mlp,ACR + eGFR continui,età < 40,2212,129,0.05831826401446655,0.5675754632369087,0.5099500018726216,0.6252009246011957,0.10743120353699828,1.842153660649924,0.7906976744186046,0.21123379740758522,0.05845272206303725,0.9421841541755889,0.788878842676311,0.8461538461538461,13
combinato_mlp,ACR + eGFR continui,età 40-59,1688,200,0.11848341232227488,0.690851814516129,0.6492633639196388,0.7324402651126192,0.2557936424873784,2.158898342593474,0.935,0.10013440860215053,0.12254259501965924,0.9197530864197531,0.9040284360189573,0.9411764705882353,34
combinato_mlp,ACR + eGFR continui,età >= 60,450,96,0.21333333333333335,0.6679761064030133,0.6062464477058016,0.729705765100225,0.38356522127294435,1.7979619747169264,0.9791666666666666,0.01977401129943503,0.21315192743764172,0.7777777777777778,0.98,1.0,24
combinato_mlp,ACR + eGFR continui,ipertensione nota,147,46,0.3129251700680272,0.6684244511407662,0.5761665610010418,0.7606823412804906,0.5024955789727856,1.6058010893260757,0.9782608695652174,0.009900990099009901,0.3103448275862069,0.5,0.9863945578231292,0.9230769230769231,13
combinato_mlp,ACR + eGFR continui,ipertensione non nota,4203,379,0.09017368546276469,0.6740376017045517,0.6422807470510368,0.7057944563580667,0.20948941354450434,2.3231767945317987,0.8918205804749341,0.15559623430962344,0.09475749929913092,0.9355345911949685,0.8486795146324054,0.9482758620689655,58
margine_kdigo,ACR + eGFR continui,diabetici,263,68,0.2585551330798479,0.6763197586726999,0.6053855448601717,0.7472539724852281,0.4311559492703219,1.6675590390896275,0.9852941176470589,0.046153846153846156,0.2648221343873518,0.9,0.9619771863117871,1.0,16
margine_kdigo,ACR + eGFR continui,non diabetici,4087,357,0.08735013457303646,0.6774761379082465,0.6464986540395163,0.7084536217769766,0.22185555911834048,2.5398422132119256,0.876750700280112,0.2801608579088472,0.10440293529019347,0.9595959595959596,0.7335453878150232,0.9454545454545454,55
margine_kdigo,ACR + eGFR continui,donne,2280,211,0.0925438596491228,0.690151846600345,0.650157968708764,0.730145724491926,0.2399464321858083,2.5927860918656065,0.919431279620853,0.21362977283711937,0.10653487095002746,0.9629629629629629,0.7986842105263158,1.0,38
margine_kdigo,ACR + eGFR continui,uomini,2070,214,0.10338164251207729,0.7146687681276185,0.675535040326051,0.7538024959291859,0.28806822885726946,2.7864543632455505,0.8691588785046729,0.3297413793103448,0.13006993006993006,0.95625,0.6908212560386473,0.9090909090909091,33
margine_kdigo,ACR + eGFR continui,età < 40,2212,129,0.05831826401446655,0.6274566721373094,0.5734488648298379,0.6814644794447808,0.14367297685868186,2.463601742724064,0.7829457364341085,0.342774843975036,0.06870748299319727,0.9622641509433962,0.6645569620253164,0.9230769230769231,13
margine_kdigo,ACR + eGFR continui,età 40-59,1688,200,0.11848341232227488,0.6796807795698925,0.6378634585970457,0.7214981005427392,0.26354994514300933,2.224361537006999,0.915,0.21841397849462366,0.13595839524517087,0.9502923976608187,0.79739336492891,0.9411764705882353,34
margine_kdigo,ACR + eGFR continui,età >= 60,450,96,0.21333333333333335,0.6649011299435028,0.602532770285011,0.7272694896019947,0.3826069536351435,1.793470095164735,1.0,0.0423728813559322,0.2206896551724138,1.0,0.9666666666666667,1.0,24
margine_kdigo,ACR + eGFR continui,ipertensione nota,147,46,0.3129251700680272,0.6781102023245803,0.5836923082903415,0.7725280963588191,0.5449055838682761,1.7413287136660127,1.0,0.0,0.3129251700680272,,1.0,1.0,13
margine_kdigo,ACR + eGFR continui,ipertensione non nota,4203,379,0.09017368546276469,0.6821073817908834,0.6521579176823962,0.7120568458993706,0.2181836759733103,2.4195936414665518,0.8812664907651715,0.2756276150627615,0.10760309278350516,0.9590536851683349,0.7385201046871283,0.9482758620689655,58
stacking,combinazione di modelli,diabetici,263,68,0.2585551330798479,0.6896681749622926,0.6201108863900969,0.7592254635344883,0.406279245813591,1.571344730131977,1.0,0.010256410256410256,0.26053639846743293,1.0,0.9923954372623575,1.0,16
stacking,combinazione di modelli,non diabetici,4087,357,0.08735013457303646,0.6885259197512786,0.6579898967267327,0.7190619427758246,0.21897143759448048,2.5068242729653827,0.8795518207282913,0.28873994638069705,0.10583080552746882,0.9616071428571429,0.7259603621238072,0.8909090909090909,55
stacking,combinazione di modelli,donne,2280,211,0.0925438596491228,0.6961922672536814,0.6563257017283692,0.7360588327789936,0.24978964660164724,2.6991487879230127,0.8767772511848341,0.3015949734171097,0.11349693251533742,0.96,0.7149122807017544,0.9210526315789473,38
stacking,combinazione di modelli,uomini,2070,214,0.10338164251207729,0.7288460763776992,0.691059989483054,0.7666321632723443,0.2681940652120058,2.5942136214432336,0.9205607476635514,0.24515086206896552,0.123279098873592,0.9639830508474576,0.7719806763285024,0.9090909090909091,33
stacking,combinazione di modelli,età < 40,2212,129,0.05831826401446655,0.6399796060392918,0.5879277189502277,0.692031493128356,0.14560543093655004,2.496738087067044,0.751937984496124,0.43831012962073934,0.07655880031570639,0.9661375661375662,0.5727848101265823,0.6923076923076923,13
stacking,combinazione di modelli,età 40-59,1688,200,0.11848341232227488,0.686135752688172,0.643368030122294,0.7289034752540499,0.26383200776994925,2.226742145578372,0.945,0.11088709677419355,0.125,0.9375,0.8957345971563981,0.9411764705882353,34
stacking,combinazione di modelli,età >= 60,450,96,0.21333333333333335,0.6710805084745761,0.6088012046380642,0.733359812311088,0.3739032555698868,1.7526715104838442,1.0,0.002824858757062147,0.21380846325167038,1.0,0.9977777777777778,1.0,24
stacking,combinazione di modelli,ipertensione nota,147,46,0.3129251700680272,0.6696082651743435,0.574328397618247,0.7648881327304399,0.5167884817663904,1.6514762352099865,1.0,0.0,0.3129251700680272,,1.0,1.0,13
stacking,combinazione di modelli,ipertensione non nota,4203,379,0.09017368546276469,0.6956122144820658,0.6661109635828727,0.7251134653812589,0.21847540194336215,2.4228287978046206,0.8865435356200527,0.2821652719665272,0.10905550146056475,0.9616755793226381,0.7330478229835832,0.896551724137931,58
rank_mean,combinazione di modelli,diabetici,263,68,0.2585551330798479,0.6955505279034689,0.626077558610726,0.7650234971962119,0.40328878415075,1.5597786798771653,1.0,0.0,0.2585551330798479,,1.0,1.0,16
rank_mean,combinazione di modelli,non diabetici,4087,357,0.08735013457303646,0.6840850549335016,0.6537972484205772,0.714372861446426,0.20620125667809808,2.360628952502484,0.8823529411764706,0.2761394101876676,0.1044776119402985,0.960820895522388,0.7377049180327869,0.9272727272727272,55
rank_mean,combinazione di modelli,donne,2280,211,0.0925438596491228,0.6929292489674934,0.653315955866311,0.7325425420686759,0.23910029875488173,2.583643038678343,0.8625592417061612,0.3083615273078782,0.11283323000619963,0.9565217391304348,0.7074561403508772,0.9210526315789473,38
rank_mean,combinazione di modelli,uomini,2070,214,0.10338164251207729,0.7248026103770544,0.6873624749871847,0.7622427457669241,0.25868349182576944,2.502218822800667,0.9392523364485982,0.21120689655172414,0.12072072072072072,0.9679012345679012,0.8043478260869565,0.9696969696969697,33
rank_mean,combinazione di modelli,età < 40,2212,129,0.05831826401446655,0.6361948144261221,0.5840244680014667,0.6883651608507776,0.13709206554432476,2.3507569688685765,0.7364341085271318,0.42822851656265004,0.07387247278382582,0.9632829373650108,0.581374321880651,0.7692307692307693,13
rank_mean,combinazione di modelli,età 40-59,1688,200,0.11848341232227488,0.6796068548387098,0.6368069670530648,0.7224067426243547,0.2570654677463365,2.16963254777908,0.96,0.09206989247311828,0.12443292287751134,0.9448275862068966,0.9140995260663507,0.9705882352941176,34
rank_mean,combinazione di modelli,età >= 60,450,96,0.21333333333333335,0.6563971280602637,0.5936593438102237,0.7191349123103038,0.3479231471528603,1.6308897522790327,1.0,0.002824858757062147,0.21380846325167038,1.0,0.9977777777777778,1.0,24
rank_mean,combinazione di modelli,ipertensione nota,147,46,0.3129251700680272,0.6635815755488592,0.568531260268573,0.7586318908291454,0.45063560729109936,1.4400746580824262,1.0,0.0,0.3129251700680272,,1.0,1.0,13
rank_mean,combinazione di modelli,ipertensione non nota,4203,379,0.09017368546276469,0.6917662092491802,0.6624663621360647,0.7210660563622957,0.21242792316126735,2.355764013316113,0.8891820580474934,0.26935146443514646,0.10763334397955925,0.960820895522388,0.7449440875565072,0.9310344827586207,58
