model,fold,rule,threshold
lr_penalized,0,sens80,0.06475868420786891
lr_penalized,0,sens85,0.05801357953304345
lr_penalized,0,sens90,0.05003097665318226
lr_penalized,0,sens95,0.03453806799010042
lr_penalized,0,youden,0.11732601475557432
lr_penalized,1,sens80,0.06631753012449908
lr_penalized,1,sens85,0.05928589884247264
lr_penalized,1,sens90,0.04752109558757297
lr_penalized,1,sens95,0.034756363932289945
lr_penalized,1,youden,0.11738624444325214
lr_penalized,2,sens80,0.06702252481407271
lr_penalized,2,sens85,0.059634347224479446
lr_penalized,2,sens90,0.04925269963290975
lr_penalized,2,sens95,0.03342839623791328
lr_penalized,2,youden,0.12410904526519366
lr_penalized,3,sens80,0.06827635821301888
lr_penalized,3,sens85,0.06220037145103908
lr_penalized,3,sens90,0.05345455292864184
lr_penalized,3,sens95,0.04013790293059744
lr_penalized,3,youden,0.10745646196588705
lr_penalized,4,sens80,0.06753075485617101
lr_penalized,4,sens85,0.06004495486315738
lr_penalized,4,sens90,0.05292878607709454
lr_penalized,4,sens95,0.036642347859272215
lr_penalized,4,youden,0.10644347990902671
random_forest,0,sens80,0.06960950536794984
random_forest,0,sens85,0.06021248748714612
random_forest,0,sens90,0.04858366483789203
random_forest,0,sens95,0.03583575964549969
random_forest,0,youden,0.09354684144057047
random_forest,1,sens80,0.0702816857328962
random_forest,1,sens85,0.055997899075388796
random_forest,1,sens90,0.04726066547719288
random_forest,1,sens95,0.037318147787263826
random_forest,1,youden,0.09565121184196554
random_forest,2,sens80,0.07091529900832978
random_forest,2,sens85,0.05606835093452693
random_forest,2,sens90,0.045451620406793944
random_forest,2,sens95,0.035672882992160176
random_forest,2,youden,0.12704847061239627
random_forest,3,sens80,0.06802913493132007
random_forest,3,sens85,0.06036518714230594
random_forest,3,sens90,0.04953025730793725
random_forest,3,sens95,0.041224525579207714
random_forest,3,youden,0.09655887764028331
random_forest,4,sens80,0.06787144981140138
random_forest,4,sens85,0.05910326430453447
random_forest,4,sens90,0.047812983746653104
random_forest,4,sens95,0.041049093709151455
random_forest,4,youden,0.09660519904117253
xgboost,0,sens80,0.067482408037903
xgboost,0,sens85,0.05589121314138187
xgboost,0,sens90,0.049942518054067735
xgboost,0,sens95,0.03445690191750059
xgboost,0,youden,0.09910932109705395
xgboost,1,sens80,0.07198678724773103
xgboost,1,sens85,0.058006378897708336
xgboost,1,sens90,0.04924779292082863
xgboost,1,sens95,0.038031302841298846
xgboost,1,youden,0.07957336905153645
xgboost,2,sens80,0.07019534191578407
xgboost,2,sens85,0.05766686245233963
xgboost,2,sens90,0.04674996907284476
xgboost,2,sens95,0.03187602587043549
xgboost,2,youden,0.0813120915265224
xgboost,3,sens80,0.07058810090234847
xgboost,3,sens85,0.06064409668903036
xgboost,3,sens90,0.051531969226423106
xgboost,3,sens95,0.03775077980494539
xgboost,3,youden,0.08487420409620358
xgboost,4,sens80,0.06975888809582995
xgboost,4,sens85,0.059618372472240166
xgboost,4,sens90,0.048100782219334136
xgboost,4,sens95,0.03598383556661935
xgboost,4,youden,0.09835206464506337
catboost,0,sens80,0.06743522094975292
catboost,0,sens85,0.0599216149288965
catboost,0,sens90,0.051091357758813856
catboost,0,sens95,0.034156203047393335
catboost,0,youden,0.08749935036890316
catboost,1,sens80,0.07049422806165312
catboost,1,sens85,0.05970660932470733
catboost,1,sens90,0.04854830685141673
catboost,1,sens95,0.035264582201689244
catboost,1,youden,0.08930606399834068
catboost,2,sens80,0.07020351461733597
catboost,2,sens85,0.060109499343600534
catboost,2,sens90,0.046723304411570854
catboost,2,sens95,0.03219909670688406
catboost,2,youden,0.09086258517663592
catboost,3,sens80,0.07104958868550124
catboost,3,sens85,0.06279542325708024
catboost,3,sens90,0.05316149344202215
catboost,3,sens95,0.038315099843928925
catboost,3,youden,0.09105546265401823
catboost,4,sens80,0.07076319748763192
catboost,4,sens85,0.06085942063920211
catboost,4,sens90,0.05062237991579743
catboost,4,sens95,0.0387379992641977
catboost,4,youden,0.08664838482065328
lightgbm,0,sens80,0.07155734185576962
lightgbm,0,sens85,0.06270706072677824
lightgbm,0,sens90,0.050413021493398893
lightgbm,0,sens95,0.036602844475455636
lightgbm,0,youden,0.12816347201674855
lightgbm,1,sens80,0.07231070306445293
lightgbm,1,sens85,0.06197960771058121
lightgbm,1,sens90,0.04924437275873234
lightgbm,1,sens95,0.03620146648905715
lightgbm,1,youden,0.12606768166444612
lightgbm,2,sens80,0.07196523190513242
lightgbm,2,sens85,0.05845439541142087
lightgbm,2,sens90,0.04728346242916065
lightgbm,2,sens95,0.03237443534770296
lightgbm,2,youden,0.0900765913601892
lightgbm,3,sens80,0.07243072963810702
lightgbm,3,sens85,0.06336008861699721
lightgbm,3,sens90,0.05146199524806126
lightgbm,3,sens95,0.04020084622660717
lightgbm,3,youden,0.08133657493128328
lightgbm,4,sens80,0.06962405472804034
lightgbm,4,sens85,0.06151356201048996
lightgbm,4,sens90,0.04954842813458451
lightgbm,4,sens95,0.037373141786396016
lightgbm,4,youden,0.1267879733883618
ebm,0,sens80,0.0665466393745382
ebm,0,sens85,0.057694263589376286
ebm,0,sens90,0.0479461346863717
ebm,0,sens95,0.029404827389093842
ebm,0,youden,0.11028772700774991
ebm,1,sens80,0.06940830616824195
ebm,1,sens85,0.06284949666010639
ebm,1,sens90,0.0533116441011438
ebm,1,sens95,0.03413640636578224
ebm,1,youden,0.12958238272862493
ebm,2,sens80,0.0673113726449928
ebm,2,sens85,0.060090770447571995
ebm,2,sens90,0.046034105484757726
ebm,2,sens95,0.028986221109546014
ebm,2,youden,0.10380990409022535
ebm,3,sens80,0.07086026228560449
ebm,3,sens85,0.0625840157364477
ebm,3,sens90,0.05242354375742702
ebm,3,sens95,0.03392496175387397
ebm,3,youden,0.08955519844544516
ebm,4,sens80,0.069253271378231
ebm,4,sens85,0.062373777835945936
ebm,4,sens90,0.05233872483021634
ebm,4,sens95,0.03554268894730066
ebm,4,youden,0.10897913205725
tabpfn,0,sens80,0.06902113981482419
tabpfn,0,sens85,0.059715352831125314
tabpfn,0,sens90,0.046395212998813794
tabpfn,0,sens95,0.03143627702609358
tabpfn,0,youden,0.11124859468707858
tabpfn,1,sens80,0.0712582795847387
tabpfn,1,sens85,0.06056102171088662
tabpfn,1,sens90,0.04865046098265205
tabpfn,1,sens95,0.035804506674306964
tabpfn,1,youden,0.11159672395379071
tabpfn,2,sens80,0.07219055283957038
tabpfn,2,sens85,0.061006580821720655
tabpfn,2,sens90,0.04776012650854732
tabpfn,2,sens95,0.032742619670358374
tabpfn,2,youden,0.11129512140625214
tabpfn,3,sens80,0.07039591028941507
tabpfn,3,sens85,0.06192836842827377
tabpfn,3,sens90,0.050457274009365366
tabpfn,3,sens95,0.03657328475450681
tabpfn,3,youden,0.11243516507158227
tabpfn,4,sens80,0.06896903071812183
tabpfn,4,sens85,0.059630676415718085
tabpfn,4,sens90,0.04869021747566243
tabpfn,4,sens95,0.03519266261424527
tabpfn,4,youden,0.11229303129535761
extra_trees,0,sens80,0.07017825820527475
extra_trees,0,sens85,0.05913829463326622
extra_trees,0,sens90,0.051007885682205885
extra_trees,0,sens95,0.03682662076145295
extra_trees,0,youden,0.10713918549955767
extra_trees,1,sens80,0.0694676123798145
extra_trees,1,sens85,0.05979463473335921
extra_trees,1,sens90,0.051097932575195716
extra_trees,1,sens95,0.03931488086066838
extra_trees,1,youden,0.10525357031451951
extra_trees,2,sens80,0.0704029175154385
extra_trees,2,sens85,0.05941429478660701
extra_trees,2,sens90,0.049739092982117386
extra_trees,2,sens95,0.03724406318208239
extra_trees,2,youden,0.10259305472017752
extra_trees,3,sens80,0.07270820870555551
extra_trees,3,sens85,0.0646722914525856
extra_trees,3,sens90,0.054730592600417856
extra_trees,3,sens95,0.0425358842923063
extra_trees,3,youden,0.10464105824319356
extra_trees,4,sens80,0.06949705103175106
extra_trees,4,sens85,0.06186491326186373
extra_trees,4,sens90,0.05256715622843202
extra_trees,4,sens95,0.039376862484805944
extra_trees,4,youden,0.10937794622607824
hist_gb,0,sens80,0.07069682031767559
hist_gb,0,sens85,0.062045243208535
hist_gb,0,sens90,0.04917510034008984
hist_gb,0,sens95,0.034598882297877616
hist_gb,0,youden,0.08611304845550743
hist_gb,1,sens80,0.07047449475141887
hist_gb,1,sens85,0.06289742824191764
hist_gb,1,sens90,0.050294747030909984
hist_gb,1,sens95,0.03955110298950378
hist_gb,1,youden,0.0965933202834954
hist_gb,2,sens80,0.070712623473278
hist_gb,2,sens85,0.06182551398375543
hist_gb,2,sens90,0.048571580165654056
hist_gb,2,sens95,0.033844698015963834
hist_gb,2,youden,0.08725557201683008
hist_gb,3,sens80,0.07295805434149867
hist_gb,3,sens85,0.06501302456526914
hist_gb,3,sens90,0.052480487551216856
hist_gb,3,sens95,0.041848647356750375
hist_gb,3,youden,0.09017545692556843
hist_gb,4,sens80,0.07299806571125454
hist_gb,4,sens85,0.06391691313816707
hist_gb,4,sens90,0.05022067619455571
hist_gb,4,sens95,0.03690498853071328
hist_gb,4,youden,0.09202718609580315
svm_rbf,0,sens80,0.06754438277095147
svm_rbf,0,sens85,0.058014059633693583
svm_rbf,0,sens90,0.04798908688746651
svm_rbf,0,sens95,0.040543313879128864
svm_rbf,0,youden,0.11913328365259086
svm_rbf,1,sens80,0.07034768629613149
svm_rbf,1,sens85,0.06102229912969411
svm_rbf,1,sens90,0.05287159323500748
svm_rbf,1,sens95,0.04040490987021653
svm_rbf,1,youden,0.1322159579842036
svm_rbf,2,sens80,0.07005708696886079
svm_rbf,2,sens85,0.057448621988263955
svm_rbf,2,sens90,0.051214478152061635
svm_rbf,2,sens95,0.039545638106476946
svm_rbf,2,youden,0.13482628633979252
svm_rbf,3,sens80,0.07377267682006644
svm_rbf,3,sens85,0.06505989657564006
svm_rbf,3,sens90,0.059198206008374034
svm_rbf,3,sens95,0.04947309065161177
svm_rbf,3,youden,0.11976909336989276
svm_rbf,4,sens80,0.07170375515196718
svm_rbf,4,sens85,0.06057740231585069
svm_rbf,4,sens90,0.05267974551273369
svm_rbf,4,sens95,0.04356791561925027
svm_rbf,4,youden,0.11978931746407488
knn,0,sens80,0.06942843853079733
knn,0,sens85,0.06092193680140606
knn,0,sens90,0.053701637027577305
knn,0,sens95,0.03837871796165411
knn,0,youden,0.10153759071593231
knn,1,sens80,0.0723761010288013
knn,1,sens85,0.0626678920880716
knn,1,sens90,0.05344360542004864
knn,1,sens95,0.04212115571150644
knn,1,youden,0.10671540761465459
knn,2,sens80,0.06815867932953104
knn,2,sens85,0.06019626437400734
knn,2,sens90,0.051820585407979174
knn,2,sens95,0.03986130335747526
knn,2,youden,0.10610554361051745
knn,3,sens80,0.07163666489203409
knn,3,sens85,0.06341738002821697
knn,3,sens90,0.05436844744499347
knn,3,sens95,0.04380067191814945
knn,3,youden,0.10372450935108264
knn,4,sens80,0.0725925394404782
knn,4,sens85,0.06440506492657866
knn,4,sens90,0.05624262621401914
knn,4,sens95,0.04510171747703666
knn,4,youden,0.10656113147641397
naive_bayes,0,sens80,0.06824665029236385
naive_bayes,0,sens85,0.06137043239808393
naive_bayes,0,sens90,0.05122717071527094
naive_bayes,0,sens95,0.034746973400006244
naive_bayes,0,youden,0.11556074271367936
naive_bayes,1,sens80,0.06864102801643844
naive_bayes,1,sens85,0.06131819740908568
naive_bayes,1,sens90,0.05147756651768391
naive_bayes,1,sens95,0.03425787530602258
naive_bayes,1,youden,0.11610405412091246
naive_bayes,2,sens80,0.06557416157989102
naive_bayes,2,sens85,0.05917147948685474
naive_bayes,2,sens90,0.050023203287332285
naive_bayes,2,sens95,0.03333921593530172
naive_bayes,2,youden,0.11542752047839978
naive_bayes,3,sens80,0.07135391716753291
naive_bayes,3,sens85,0.06385426107621435
naive_bayes,3,sens90,0.057375505617240204
naive_bayes,3,sens95,0.040992643589514446
naive_bayes,3,youden,0.09787848441961326
naive_bayes,4,sens80,0.07005511333228501
naive_bayes,4,sens85,0.06423077528769866
naive_bayes,4,sens90,0.05551285497367482
naive_bayes,4,sens95,0.040074252345700306
naive_bayes,4,youden,0.11501263920351087
lda,0,sens80,0.06599813750791743
lda,0,sens85,0.059058974292036714
lda,0,sens90,0.044586502634995154
lda,0,sens95,0.03499342848558166
lda,0,youden,0.1268478966630772
lda,1,sens80,0.0702852129125168
lda,1,sens85,0.06027621528924327
lda,1,sens90,0.045360294375776745
lda,1,sens95,0.033090452031422836
lda,1,youden,0.09118850326271474
lda,2,sens80,0.06922571243111757
lda,2,sens85,0.05958782615474951
lda,2,sens90,0.04685205397584712
lda,2,sens95,0.032511185406041566
lda,2,youden,0.09086196066679339
lda,3,sens80,0.06929554810390978
lda,3,sens85,0.05780301598143832
lda,3,sens90,0.04970953430340561
lda,3,sens95,0.039254465152433415
lda,3,youden,0.09681053503866126
lda,4,sens80,0.06799762969750305
lda,4,sens85,0.05732258785526199
lda,4,sens90,0.0481617780772569
lda,4,sens95,0.037688924195289235
lda,4,youden,0.09620655091367983
qda,0,sens80,0.06646552488104009
qda,0,sens85,0.061266208153085956
qda,0,sens90,0.049149897729732474
qda,0,sens95,0.036846242548336475
qda,0,youden,0.13181811857150755
qda,1,sens80,0.07167332314475622
qda,1,sens85,0.06132895330851263
qda,1,sens90,0.0487803028295806
qda,1,sens95,0.038293816094945664
qda,1,youden,0.08450006120641568
qda,2,sens80,0.06802487099214878
qda,2,sens85,0.06113299735733598
qda,2,sens90,0.0482558597100782
qda,2,sens95,0.03711698863693772
qda,2,youden,0.11697615374629974
qda,3,sens80,0.06999702331735864
qda,3,sens85,0.06473353768788369
qda,3,sens90,0.05414432296474422
qda,3,sens95,0.04319850597914549
qda,3,youden,0.11377433026458122
qda,4,sens80,0.06933034513457342
qda,4,sens85,0.06342247870795904
qda,4,sens90,0.0537427554116448
qda,4,sens95,0.04079888192255354
qda,4,youden,0.10240841186075916
mlp,0,sens80,0.07072662718738572
mlp,0,sens85,0.062146150641938014
mlp,0,sens90,0.05155007197324335
mlp,0,sens95,0.043156012189465257
mlp,0,youden,0.10991728389993007
mlp,1,sens80,0.07154687883023393
mlp,1,sens85,0.06362006246722852
mlp,1,sens90,0.052905161774005866
mlp,1,sens95,0.044290286203133716
mlp,1,youden,0.13909793519339728
mlp,2,sens80,0.06882481399274136
mlp,2,sens85,0.06281274530170126
mlp,2,sens90,0.052565379387339094
mlp,2,sens95,0.04444687753032224
mlp,2,youden,0.13897178931210344
mlp,3,sens80,0.07210403654569181
mlp,3,sens85,0.06528034782091834
mlp,3,sens90,0.05756240680045702
mlp,3,sens95,0.04981411246847336
mlp,3,youden,0.11612501730440511
mlp,4,sens80,0.07220378750770969
mlp,4,sens85,0.06323686155826401
mlp,4,sens90,0.05276843790613049
mlp,4,sens95,0.044040462872332535
mlp,4,youden,0.1383508890342241
adaboost,0,sens80,0.06963222188590025
adaboost,0,sens85,0.05991783359788443
adaboost,0,sens90,0.04793409410046269
adaboost,0,sens95,0.034608000150416235
adaboost,0,youden,0.08798362870413397
adaboost,1,sens80,0.07130119921960919
adaboost,1,sens85,0.06074963048424401
adaboost,1,sens90,0.04924090748040036
adaboost,1,sens95,0.03912029227576739
adaboost,1,youden,0.10061712925082601
adaboost,2,sens80,0.07141098434622492
adaboost,2,sens85,0.06032996007808276
adaboost,2,sens90,0.04824391466495792
adaboost,2,sens95,0.036650706872223784
adaboost,2,youden,0.0900146661431991
adaboost,3,sens80,0.07145765500111236
adaboost,3,sens85,0.06171198402435134
adaboost,3,sens90,0.05177209781171786
adaboost,3,sens95,0.041629583498641896
adaboost,3,youden,0.09240801757921531
adaboost,4,sens80,0.06833919077305076
adaboost,4,sens85,0.06099213901262725
adaboost,4,sens90,0.053444863475012136
adaboost,4,sens95,0.04177985716206926
adaboost,4,youden,0.11581587049986841
spline_lr,0,sens80,0.06910205491446038
spline_lr,0,sens85,0.0574100520519402
spline_lr,0,sens90,0.0425964287646163
spline_lr,0,sens95,0.03241669866104954
spline_lr,0,youden,0.1183970990234458
spline_lr,1,sens80,0.07342034197327456
spline_lr,1,sens85,0.05688767629673429
spline_lr,1,sens90,0.045196623129524514
spline_lr,1,sens95,0.03335515191019602
spline_lr,1,youden,0.11848472734701795
spline_lr,2,sens80,0.07037689644528927
spline_lr,2,sens85,0.0570101434533015
spline_lr,2,sens90,0.04382923538043991
spline_lr,2,sens95,0.031271420334343596
spline_lr,2,youden,0.10934010130802471
spline_lr,3,sens80,0.06587174256149822
spline_lr,3,sens85,0.05846344736537078
spline_lr,3,sens90,0.04685036526157405
spline_lr,3,sens95,0.037497946791514546
spline_lr,3,youden,0.13035705105100862
spline_lr,4,sens80,0.06542997006680554
spline_lr,4,sens85,0.05587200943039924
spline_lr,4,sens90,0.0441479139873799
spline_lr,4,sens95,0.03600644314870401
spline_lr,4,youden,0.11833761918135668
lr_interactions,0,sens80,0.06668416587271024
lr_interactions,0,sens85,0.059705692042682355
lr_interactions,0,sens90,0.0475210784289784
lr_interactions,0,sens95,0.031763912879334805
lr_interactions,0,youden,0.08679732157020056
lr_interactions,1,sens80,0.06616590337933755
lr_interactions,1,sens85,0.05717567172376094
lr_interactions,1,sens90,0.04794463692640224
lr_interactions,1,sens95,0.03335987678150063
lr_interactions,1,youden,0.09288310181897981
lr_interactions,2,sens80,0.0647342253281124
lr_interactions,2,sens85,0.05610454333016526
lr_interactions,2,sens90,0.04764447383334883
lr_interactions,2,sens95,0.0317374052275686
lr_interactions,2,youden,0.12242959363812132
lr_interactions,3,sens80,0.07041916598570262
lr_interactions,3,sens85,0.06252594084726093
lr_interactions,3,sens90,0.05384154536341683
lr_interactions,3,sens95,0.039696483861952674
lr_interactions,3,youden,0.09498695852191592
lr_interactions,4,sens80,0.06861264310751687
lr_interactions,4,sens85,0.06049219023218457
lr_interactions,4,sens90,0.05150710959414178
lr_interactions,4,sens95,0.036677412826354755
lr_interactions,4,youden,0.09410043945839756
combinato_lgbm,0,sens80,0.07496422685720527
combinato_lgbm,0,sens85,0.05854293525737438
combinato_lgbm,0,sens90,0.04662221550356746
combinato_lgbm,0,sens95,0.03009327751007612
combinato_lgbm,0,youden,0.07841878141661149
combinato_lgbm,1,sens80,0.07436364368189086
combinato_lgbm,1,sens85,0.05983990336866542
combinato_lgbm,1,sens90,0.046625926827728516
combinato_lgbm,1,sens95,0.031776066312959005
combinato_lgbm,1,youden,0.08589758146471238
combinato_lgbm,2,sens80,0.06986713902908662
combinato_lgbm,2,sens85,0.05594075437610413
combinato_lgbm,2,sens90,0.043296690269004526
combinato_lgbm,2,sens95,0.030738762325590266
combinato_lgbm,2,youden,0.12503598871232383
combinato_lgbm,3,sens80,0.07074693724872838
combinato_lgbm,3,sens85,0.060791175228893456
combinato_lgbm,3,sens90,0.04645537496490447
combinato_lgbm,3,sens95,0.0357217487282147
combinato_lgbm,3,youden,0.12436227062210321
combinato_lgbm,4,sens80,0.07008264082882187
combinato_lgbm,4,sens85,0.06055871925752272
combinato_lgbm,4,sens90,0.047049240620255325
combinato_lgbm,4,sens95,0.036647768287307474
combinato_lgbm,4,youden,0.1119747165299945
combinato_lgbm_etero,0,sens80,0.07197065878215454
combinato_lgbm_etero,0,sens85,0.056279458088702654
combinato_lgbm_etero,0,sens90,0.04444507476878927
combinato_lgbm_etero,0,sens95,0.03295785401203442
combinato_lgbm_etero,0,youden,0.13098918226377823
combinato_lgbm_etero,1,sens80,0.0688828151797443
combinato_lgbm_etero,1,sens85,0.059252364321993635
combinato_lgbm_etero,1,sens90,0.04900316261356761
combinato_lgbm_etero,1,sens95,0.038331381667391855
combinato_lgbm_etero,1,youden,0.11760976705102984
combinato_lgbm_etero,2,sens80,0.06949046953750586
combinato_lgbm_etero,2,sens85,0.055303981639908815
combinato_lgbm_etero,2,sens90,0.045910644337794085
combinato_lgbm_etero,2,sens95,0.031839443653194084
combinato_lgbm_etero,2,youden,0.1245510204797316
combinato_lgbm_etero,3,sens80,0.06868171853279462
combinato_lgbm_etero,3,sens85,0.06009933691690901
combinato_lgbm_etero,3,sens90,0.05096586294340665
combinato_lgbm_etero,3,sens95,0.038624619907904174
combinato_lgbm_etero,3,youden,0.12864906794644745
combinato_lgbm_etero,4,sens80,0.06823563462738294
combinato_lgbm_etero,4,sens85,0.06017867939980235
combinato_lgbm_etero,4,sens90,0.05105023405260716
combinato_lgbm_etero,4,sens95,0.039969065173793235
combinato_lgbm_etero,4,youden,0.11763729570543469
combinato_mlp,0,sens80,0.06716497017409653
combinato_mlp,0,sens85,0.0533978602305656
combinato_mlp,0,sens90,0.03722794098906994
combinato_mlp,0,sens95,0.026916696695000866
combinato_mlp,0,youden,0.12459631074534987
combinato_mlp,1,sens80,0.06744417387979619
combinato_mlp,1,sens85,0.05536081257884149
combinato_mlp,1,sens90,0.04123003796792354
combinato_mlp,1,sens95,0.031066071347133052
combinato_mlp,1,youden,0.11818418250981401
combinato_mlp,2,sens80,0.06577449914302048
combinato_mlp,2,sens85,0.05327916925584905
combinato_mlp,2,sens90,0.03852782135628386
combinato_mlp,2,sens95,0.028938146777604715
combinato_mlp,2,youden,0.12006529488722596
combinato_mlp,3,sens80,0.06969764743769513
combinato_mlp,3,sens85,0.05848899059485353
combinato_mlp,3,sens90,0.043443445470343296
combinato_mlp,3,sens95,0.033294283677676284
combinato_mlp,3,youden,0.11786077793061302
combinato_mlp,4,sens80,0.06407968927283997
combinato_mlp,4,sens85,0.05578073577133566
combinato_mlp,4,sens90,0.041138542558214385
combinato_mlp,4,sens95,0.03296128412324883
combinato_mlp,4,youden,0.1299640669286827
margine_kdigo,0,sens80,0.06801476931643259
margine_kdigo,0,sens85,0.05965857144456046
margine_kdigo,0,sens90,0.047381352646183275
margine_kdigo,0,sens95,0.0282991414475574
margine_kdigo,0,youden,0.10687145443815245
margine_kdigo,1,sens80,0.06855112140197465
margine_kdigo,1,sens85,0.061282672232440084
margine_kdigo,1,sens90,0.05030234276308665
margine_kdigo,1,sens95,0.0325271642931192
margine_kdigo,1,youden,0.09509117024317829
margine_kdigo,2,sens80,0.06662611418857009
margine_kdigo,2,sens85,0.058670750483266254
margine_kdigo,2,sens90,0.04683415837164689
margine_kdigo,2,sens95,0.029207199054704074
margine_kdigo,2,youden,0.1163999511576583
margine_kdigo,3,sens80,0.07131557781232768
margine_kdigo,3,sens85,0.061021704170283186
margine_kdigo,3,sens90,0.051888348988698256
margine_kdigo,3,sens95,0.032115261817270375
margine_kdigo,3,youden,0.1361085350554523
margine_kdigo,4,sens80,0.06870531753105598
margine_kdigo,4,sens85,0.06143526295336492
margine_kdigo,4,sens90,0.052240971628372844
margine_kdigo,4,sens95,0.03318080677564304
margine_kdigo,4,youden,0.09713635221644036
stacking,0,sens80,0.07083173731635177
stacking,0,sens85,0.05746118267796081
stacking,0,sens90,0.04660379184899102
stacking,0,sens95,0.0350917900430555
stacking,0,youden,0.12557230199771274
stacking,1,sens80,0.07235652659994314
stacking,1,sens85,0.06052251374554346
stacking,1,sens90,0.04786236269512891
stacking,1,sens95,0.035202300821149675
stacking,1,youden,0.1253568022906386
stacking,2,sens80,0.06953678576638575
stacking,2,sens85,0.05832287593526011
stacking,2,sens90,0.04513224447880754
stacking,2,sens95,0.03130554564422738
stacking,2,youden,0.12179131466148449
stacking,3,sens80,0.06874495549999324
stacking,3,sens85,0.06033093135282301
stacking,3,sens90,0.05164206378753682
stacking,3,sens95,0.03771268738141149
stacking,3,youden,0.12141276393293383
stacking,4,sens80,0.06799972882567842
stacking,4,sens85,0.05861181122907792
stacking,4,sens90,0.050016903296968625
stacking,4,sens95,0.0365182653338384
stacking,4,youden,0.12140816944328409
rank_mean,0,sens80,0.06822338285189712
rank_mean,0,sens85,0.05850906871980974
rank_mean,0,sens90,0.04699501361246099
rank_mean,0,sens95,0.0334175050919617
rank_mean,0,youden,0.1241469322613018
rank_mean,1,sens80,0.07130860194817178
rank_mean,1,sens85,0.061309520242485996
rank_mean,1,sens90,0.04799502189810773
rank_mean,1,sens95,0.03573109080953327
rank_mean,1,youden,0.11620656422410124
rank_mean,2,sens80,0.06941529659140407
rank_mean,2,sens85,0.05940026774735449
rank_mean,2,sens90,0.0432405444643018
rank_mean,2,sens95,0.03301064669442469
rank_mean,2,youden,0.11051398363378205
rank_mean,3,sens80,0.07114090145918807
rank_mean,3,sens85,0.06158856189644899
rank_mean,3,sens90,0.051167651282361955
rank_mean,3,sens95,0.040341806226785265
rank_mean,3,youden,0.11635583549632224
rank_mean,4,sens80,0.07063280627487659
rank_mean,4,sens85,0.06053804923241614
rank_mean,4,sens90,0.04903554699643846
rank_mean,4,sens95,0.036700984409704845
rank_mean,4,youden,0.11339925306237959
