model,role,fraction,n_top,precision,precision_low,precision_high,lift,lift_low,lift_high,recall,recall_low,recall_high,severe_recall,severe_recall_low,severe_recall_high
lr_penalized,riferimento (fase A),0.05,218,0.37155963302752293,0.3101571643715888,0.43741030882438114,3.803022126281705,3.1745498000386148,4.477023160908371,0.19058823529411764,0.15608326949775644,0.23063647368368642,0.38028169014084506,0.2762717345193544,0.4965814371334222
lr_penalized,riferimento (fase A),0.1,435,0.2942528735632184,0.2533796187935117,0.3387281996404402,3.011764705882353,2.593414921768884,3.466982749260976,0.30117647058823527,0.25950055587020987,0.3464144121817438,0.4507042253521127,0.34047961174824115,0.5659893412852551
lr_penalized,riferimento (fase A),0.2,870,0.2206896551724138,0.19439358286032957,0.24944145712977503,2.2588235294117647,1.9896754951586673,2.5531066788576973,0.45176470588235296,0.4050928037278725,0.4993007684030749,0.5915492957746479,0.4753878184942342,0.6983126973007014
lr_penalized,riferimento (fase A),0.3,1305,0.1839080459770115,0.16382711836315805,0.2058444377752378,1.8823529411764706,1.6768187408935,2.1068783631112575,0.5647058823529412,0.5171979009712896,0.6110546242189029,0.704225352112676,0.5898146180172533,0.7976711479868338
lr_penalized,riferimento (fase A),0.5,2175,0.14344827586206896,0.1293451138515018,0.15880869205253842,1.4682352941176469,1.3238852829506653,1.6254536715965695,0.7341176470588235,0.6901533821277932,0.7738875726512671,0.8591549295774648,0.759782507165242,0.9216579778764282
random_forest,riferimento (fase A),0.05,218,0.3532110091743119,0.29280519215794765,0.41870049149458943,3.615218564490016,2.996947260910758,4.285522677650503,0.1811764705882353,0.1474666655554085,0.22059816487109724,0.3380281690140845,0.23884988425189946,0.4538338185724453
random_forest,riferimento (fase A),0.1,435,0.296551724137931,0.2555628183246923,0.34110245465189704,3.0352941176470583,2.6157606110880267,3.491283947613534,0.3035294117647059,0.2617375213111431,0.348841174929545,0.4507042253521127,0.34047961174824115,0.5659893412852551
random_forest,riferimento (fase A),0.2,870,0.2218390804597701,0.19548705594877935,0.250636728732724,2.2705882352941176,2.0008675138286827,2.5653406352643517,0.4541176470588235,0.40740380418980193,0.5016534961298798,0.5915492957746479,0.4753878184942342,0.6983126973007014
random_forest,riferimento (fase A),0.3,1305,0.18850574712643678,0.16821131327083078,0.21062865659646113,1.9294117647058822,1.7216922652426208,2.155846249869661,0.5788235294117647,0.5313811376086679,0.6248537567139303,0.6619718309859155,0.5461661814275547,0.7611501157481004
random_forest,riferimento (fase A),0.5,2175,0.1489655172413793,0.1346212495165648,0.1645475845359622,1.524705882352941,1.3778880832871925,1.684192924073966,0.7623529411764706,0.7196493005350387,0.800356392508833,0.8450704225352113,0.7434903714672241,0.9112269572983023
xgboost,riferimento (fase A),0.05,218,0.3761467889908257,0.3145103194789636,0.4420726011028646,3.8499730167296278,3.2191056229023327,4.524743093641085,0.19294117647058823,0.1582428094917828,0.2331406618783943,0.36619718309859156,0.2637022133397451,0.4824278020368875
xgboost,riferimento (fase A),0.1,435,0.2896551724137931,0.24901710245679756,0.33397580689187956,2.9647058823529413,2.548763283969575,3.418340611716885,0.2964705882352941,0.2550306574273576,0.3415568542471275,0.4507042253521127,0.34047961174824115,0.5659893412852551
xgboost,riferimento (fase A),0.2,870,0.21379310344827587,0.18783920528104325,0.24226336656066888,2.188235294117647,1.9225895128765602,2.479636810679787,0.4376470588235294,0.39124897081938487,0.4851622321791568,0.5774647887323944,0.46150748022028815,0.6854698792985033
xgboost,riferimento (fase A),0.3,1305,0.18007662835249041,0.160177356454927,0.2018538549093888,1.8431372549019607,1.6394623543033704,2.06603357377845,0.5529411764705883,0.5054078479178093,0.5995260363287119,0.7183098591549296,0.6045798293119349,0.8096290929682961
xgboost,riferimento (fase A),0.5,2175,0.1452873563218391,0.13110302212235067,0.16072245983118513,1.4870588235294118,1.341877991134648,1.6450416476838947,0.7435294117647059,0.6999601968611608,0.7827356706728366,0.7746478873239436,0.6648482440200115,0.8562533033647951
catboost,già calcolato (fase D),0.05,218,0.3440366972477064,0.2841662921104823,0.4093084967703384,3.5213167835941714,2.9085255780719947,4.1893928492964045,0.17647058823529413,0.14317174304343172,0.2155656310056055,0.352112676056338,0.25122748121653293,0.4681793778839558
catboost,già calcolato (fase D),0.1,435,0.2988505747126437,0.25774730052117806,0.3434754269980486,3.058823529411765,2.6381194288638223,3.5155720175094385,0.3058823529411765,0.26397581916664903,0.3512666052627733,0.4507042253521127,0.34047961174824115,0.5659893412852551
catboost,già calcolato (fase D),0.2,870,0.21839080459770116,0.19220755273024803,0.24704999787705906,2.235294117647059,1.9673008338272444,2.5286293900357806,0.4470588235294118,0.4004739636712881,0.4945921520821907,0.5352112676056338,0.42039236914515843,0.6464155215452013
catboost,già calcolato (fase D),0.3,1305,0.178544061302682,0.15871842232052633,0.20025665113415744,1.8274509803921568,1.6245297343395046,2.0496857233731407,0.548235294117647,0.5006992315969251,0.5949071962721276,0.647887323943662,0.5318206221160442,0.7487725187834671
catboost,già calcolato (fase D),0.5,2175,0.14620689655172414,0.1319822799653777,0.1616790400129059,1.496470588235294,1.3508774537632775,1.654832527190919,0.7482352941176471,0.7048728660355685,0.7871504578758974,0.8169014084507042,0.7115182772560875,0.8897527389571509
lightgbm,già calcolato (fase D),0.05,218,0.3669724770642202,0.30581002716597305,0.43274199864413865,3.756071235833783,3.130055572169371,4.429241633181183,0.18823529411764706,0.15392585450787016,0.22813016048483842,0.36619718309859156,0.2637022133397451,0.4824278020368875
lightgbm,già calcolato (fase D),0.1,435,0.2850574712643678,0.24465982295976724,0.32921817730363495,2.9176470588235293,2.5041652467646762,3.3696448735783813,0.2917647058823529,0.25056619627944043,0.3366938590175762,0.4788732394366197,0.366775239111811,0.5931400264739731
lightgbm,già calcolato (fase D),0.2,870,0.2218390804597701,0.19548705594877935,0.250636728732724,2.2705882352941176,2.0008675138286827,2.5653406352643517,0.4541176470588235,0.40740380418980193,0.5016534961298798,0.6056338028169014,0.48935768499400845,0.711065987077071
lightgbm,già calcolato (fase D),0.3,1305,0.18237547892720307,0.16236680101497145,0.20424861721379242,1.8666666666666667,1.6618719633297077,2.090544670305875,0.56,0.5124786977480207,0.6064463710647034,0.7323943661971831,0.6194601134214526,0.8214719651349223
lightgbm,già calcolato (fase D),0.5,2175,0.14758620689655172,0.13330154193061808,0.16311353508478724,1.5105882352941176,1.364380487995738,1.66951500616194,0.7552941176470588,0.7122537643053635,0.7937607441723054,0.8591549295774648,0.759782507165242,0.9216579778764282
ebm,già calcolato (fase D),0.05,218,0.3532110091743119,0.29280519215794765,0.41870049149458943,3.615218564490016,2.996947260910758,4.285522677650503,0.1811764705882353,0.1474666655554085,0.22059816487109724,0.36619718309859156,0.2637022133397451,0.4824278020368875
ebm,già calcolato (fase D),0.1,435,0.2988505747126437,0.25774730052117806,0.3434754269980486,3.058823529411765,2.6381194288638223,3.5155720175094385,0.3058823529411765,0.26397581916664903,0.3512666052627733,0.4507042253521127,0.34047961174824115,0.5659893412852551
ebm,già calcolato (fase D),0.2,870,0.2149425287356322,0.18893082361171282,0.24346049292139804,2.1999999999999997,1.933762547555178,2.4918897510778386,0.44,0.3935536289352966,0.48752130225197937,0.6338028169014085,0.5175721979631125,0.7362977866602549
ebm,già calcolato (fase D),0.3,1305,0.1846743295019157,0.16455748133300674,0.20664214376020512,1.8901960784313723,1.6842942207025395,2.1150431184868053,0.5670588235294117,0.5195590991217153,0.6133571542572115,0.704225352112676,0.5898146180172533,0.7976711479868338
ebm,già calcolato (fase D),0.5,2175,0.144367816091954,0.13022396621833468,0.15976567771045327,1.477647058823529,1.3328805954111902,1.635248701271698,0.7388235294117647,0.6950537382318006,0.7783146729247282,0.7887323943661971,0.6802502178379416,0.8675744858230089
tabpfn,già calcolato (fase D),0.05,218,0.38990825688073394,0.32760546606966606,0.45602379666973675,3.9908256880733943,3.353138299771876,4.667537683560835,0.2,0.16473389183069032,0.24064076410568963,0.43661971830985913,0.3274612274515327,0.5522845693058194
tabpfn,già calcolato (fase D),0.1,435,0.2988505747126437,0.25774730052117806,0.3434754269980486,3.058823529411765,2.6381194288638223,3.5155720175094385,0.3058823529411765,0.26397581916664903,0.3512666052627733,0.4788732394366197,0.366775239111811,0.5931400264739731
tabpfn,già calcolato (fase D),0.2,870,0.23103448275862068,0.20424561516270226,0.26018812704999106,2.3647058823529408,2.090513943430011,2.663102006276379,0.47294117647058825,0.42592956802904663,0.5204375578005092,0.6338028169014085,0.5175721979631125,0.7362977866602549
tabpfn,già calcolato (fase D),0.3,1305,0.19540229885057472,0.17479648748560467,0.21779610297503132,2.0,1.7890934601467772,2.229207171626791,0.6,0.5527289634811449,0.6454794845400619,0.7183098591549296,0.6045798293119349,0.8096290929682961
tabpfn,già calcolato (fase D),0.5,2175,0.14988505747126438,0.13550129962325846,0.16550337245401636,1.5341176470588236,1.386895654967469,1.6939756945293438,0.7670588235294118,0.7245880059640241,0.8047451434573162,0.8169014084507042,0.7115182772560875,0.8897527389571509
extra_trees,zoo nuovo,0.05,218,0.3440366972477064,0.2841662921104823,0.4093084967703384,3.5213167835941714,2.9085255780719947,4.1893928492964045,0.17647058823529413,0.14317174304343172,0.2155656310056055,0.30985915492957744,0.21439726456263927,0.42484012570941765
extra_trees,zoo nuovo,0.1,435,0.2827586206896552,0.24248317025088578,0.32683737546987907,2.8941176470588235,2.4818865660973013,3.345276666574056,0.28941176470588237,0.2483360282534992,0.33426029885478314,0.4788732394366197,0.366775239111811,0.5931400264739731
extra_trees,zoo nuovo,0.2,870,0.21379310344827587,0.18783920528104325,0.24226336656066888,2.188235294117647,1.9225895128765602,2.479636810679787,0.4376470588235294,0.39124897081938487,0.4851622321791568,0.5633802816901409,0.4477154306941805,0.6725387725484672
extra_trees,zoo nuovo,0.3,1305,0.18084291187739462,0.1609070328808117,0.20265224743832005,1.8509803921568626,1.6469308071330138,2.0742053561333935,0.5552941176470588,0.5077637395284769,0.6018338729067787,0.6901408450704225,0.5751598742905824,0.7856027354373607
extra_trees,zoo nuovo,0.5,2175,0.1425287356321839,0.12846646664543637,0.15785150123385605,1.4588235294117646,1.3148920703709368,1.6156565420406441,0.7294117647058823,0.6852590256436016,0.7694544727579903,0.8169014084507042,0.7115182772560875,0.8897527389571509
hist_gb,zoo nuovo,0.05,218,0.3394495412844037,0.27985630467982997,0.4046030368151325,3.474365893146249,2.8644115890759068,4.141231082696062,0.17411764705882352,0.1410277454681846,0.21304590039211832,0.38028169014084506,0.2762717345193544,0.4965814371334222
hist_gb,zoo nuovo,0.1,435,0.28735632183908044,0.246837803510933,0.33159765129510665,2.941176470588235,2.526457518288373,3.3939994897263857,0.29411764705882354,0.25279774253320814,0.3391260409525428,0.49295774647887325,0.38005150511212876,0.6065869167497993
hist_gb,zoo nuovo,0.2,870,0.2103448275862069,0.184566249998721,0.2386700877687949,2.152941176470588,1.8890898529280855,2.4428585453982534,0.43058823529411766,0.3843413827041404,0.4780786357281984,0.5352112676056338,0.42039236914515843,0.6464155215452013
hist_gb,zoo nuovo,0.3,1305,0.17471264367816092,0.15507356243372303,0.1962611662468807,1.788235294117647,1.587223521380459,2.008790760409249,0.5364705882352941,0.488946097407834,0.5833416895175473,0.676056338028169,0.5606115705582948,0.7734278828935044
hist_gb,zoo nuovo,0.5,2175,0.14160919540229885,0.1275880262497008,0.15689410360484377,1.4494117647058824,1.305900974555761,1.6058572957201656,0.7247058823529412,0.6803705706976861,0.7650154713264372,0.8028169014084507,0.6958031829491169,0.8787446769879776
svm_rbf,zoo nuovo,0.05,218,0.29357798165137616,0.23711919458447817,0.3571856730519021,3.004856988667026,2.4269846975117177,3.6559004182959387,0.15058823529411763,0.11972411864337595,0.18771224532958414,0.2676056338028169,0.17852803486507768,0.3805398865785475
svm_rbf,zoo nuovo,0.1,435,0.2597701149425287,0.22079191570108125,0.3029540845933094,2.6588235294117646,2.259870195999302,3.100824159955049,0.26588235294117646,0.22611242734873288,0.30984661787220674,0.4225352112676056,0.31453012070149655,0.5384925197797118
svm_rbf,zoo nuovo,0.2,870,0.19310344827586207,0.16824590577394352,0.22065926162259117,1.976470588235294,1.7220463296862454,2.2585124424900505,0.3952941176470588,0.3499490824446463,0.4425150131566785,0.5492957746478874,0.4340106587147449,0.659520388251759
svm_rbf,zoo nuovo,0.3,1305,0.15402298850574714,0.13545624085534555,0.17462062604522596,1.576470588235294,1.3864344652253013,1.787293466580548,0.47294117647058825,0.42592956802904663,0.5204375578005092,0.5774647887323944,0.46150748022028815,0.6854698792985033
svm_rbf,zoo nuovo,0.5,2175,0.12459770114942528,0.1113764065858476,0.1391427198108627,1.2752941176470587,1.139970279172793,1.4241666615935358,0.6376470588235295,0.5909031697073392,0.6819249293336158,0.7605633802816901,0.649587791439064,0.8447905996695988
knn,zoo nuovo,0.05,218,0.30275229357798167,0.24561205449125498,0.3667237079168418,3.098758769562871,2.513911616557551,3.7535250104429685,0.15529411764705883,0.12396397606742832,0.1927998442830004,0.23943661971830985,0.15520940033040115,0.3504122085609361
knn,zoo nuovo,0.1,435,0.2620689655172414,0.22295471966944116,0.3053487351675871,2.682352941176471,2.28200713073428,3.1253341128917738,0.26823529411764707,0.22832823358280924,0.31229453982686467,0.4084507042253521,0.3016873026992986,0.5246121815057658
knn,zoo nuovo,0.2,870,0.19080459770114944,0.16607569639436282,0.21825198161937437,1.9529411764705882,1.6998335983893604,2.2338732236335965,0.3905882352941176,0.3453820902357444,0.43775454898811184,0.4788732394366197,0.366775239111811,0.5931400264739731
knn,zoo nuovo,0.3,1305,0.16934865900383142,0.14997684375556247,0.19066140224132921,1.7333333333333332,1.5350571066745806,1.9514755288230166,0.52,0.4725356572047453,0.567106032399496,0.6056338028169014,0.48935768499400845,0.711065987077071
knn,zoo nuovo,0.5,2175,0.13241379310344828,0.11881537955584232,0.14730837005122427,1.3552941176470588,1.2161103554539154,1.5077444934654718,0.6776470588235294,0.6317919954089662,0.7203194828404714,0.7323943661971831,0.6194601134214526,0.8214719651349223
naive_bayes,zoo nuovo,0.05,218,0.29357798165137616,0.23711919458447817,0.3571856730519021,3.004856988667026,2.4269846975117177,3.6559004182959387,0.15058823529411763,0.11972411864337595,0.18771224532958414,0.23943661971830985,0.15520940033040115,0.3504122085609361
naive_bayes,zoo nuovo,0.1,435,0.27586206896551724,0.23596127694037367,0.31968690515247894,2.8235294117647056,2.415133069860295,3.272089499795961,0.2823529411764706,0.2416538928024112,0.32695124973966844,0.38028169014084506,0.2762717345193544,0.4965814371334222
naive_bayes,zoo nuovo,0.2,870,0.21149425287356322,0.18565691660926031,0.2398681658496543,2.164705882352941,1.9002531464712524,2.4551212269317557,0.4329411764705882,0.3866428457427885,0.4804409008782846,0.5352112676056338,0.42039236914515843,0.6464155215452013
naive_bayes,zoo nuovo,0.3,1305,0.18007662835249041,0.160177356454927,0.2018538549093888,1.8431372549019607,1.6394623543033704,2.06603357377845,0.5529411764705883,0.5054078479178093,0.5995260363287119,0.6197183098591549,0.5034185628665777,0.7237282654806456
naive_bayes,zoo nuovo,0.5,2175,0.1406896551724138,0.1267097943404168,0.15593649748938,1.44,1.2969120126607365,1.5960559154795362,0.72,0.6754879237644942,0.7605706618821606,0.8028169014084507,0.6958031829491169,0.8787446769879776
lda,zoo nuovo,0.05,218,0.40825688073394495,0.34514749491553715,0.47454355736729853,4.178629249865083,3.5326861244296155,4.85709288128882,0.20941176470588235,0.17341674292930923,0.2506128257620078,0.4084507042253521,0.3016873026992986,0.5246121815057658
lda,zoo nuovo,0.1,435,0.3057471264367816,0.26430835960826987,0.35058673153886905,3.129411764705882,2.705273798343468,3.5883583110448947,0.3129411764705882,0.2706986226669152,0.35853498632871,0.4647887323943662,0.3535844784547986,0.5796076308548415
lda,zoo nuovo,0.2,870,0.21954022988505748,0.1933004145516995,0.24824588074700638,2.2470588235294118,1.9784865959997477,2.5408696029399476,0.44941176470588234,0.40278285639789424,0.4969469875443189,0.5774647887323944,0.46150748022028815,0.6854698792985033
lda,zoo nuovo,0.3,1305,0.18237547892720307,0.16236680101497145,0.20424861721379242,1.8666666666666667,1.6618719633297077,2.090544670305875,0.56,0.5124786977480207,0.6064463710647034,0.704225352112676,0.5898146180172533,0.7976711479868338
lda,zoo nuovo,0.5,2175,0.14390804597701148,0.12978451449189848,0.1592872104245156,1.472941176470588,1.328382677740608,1.6303514478744536,0.7364705882352941,0.6926028039120733,0.7761018790557213,0.8450704225352113,0.7434903714672241,0.9112269572983023
qda,zoo nuovo,0.05,218,0.3486238532110092,0.2884826071773464,0.4140076290893324,3.5682676740420938,2.952704332285781,4.237489850679049,0.17882352941176471,0.14531806151611093,0.21808304072166051,0.2535211267605634,0.16680551163187113,0.36553925353561006
qda,zoo nuovo,0.1,435,0.2850574712643678,0.24465982295976724,0.32921817730363495,2.9176470588235293,2.5041652467646762,3.3696448735783813,0.2917647058823529,0.25056619627944043,0.3366938590175762,0.4084507042253521,0.3016873026992986,0.5246121815057658
qda,zoo nuovo,0.2,870,0.2218390804597701,0.19548705594877935,0.250636728732724,2.2705882352941176,2.0008675138286827,2.5653406352643517,0.4541176470588235,0.40740380418980193,0.5016534961298798,0.5070422535211268,0.39341308325020075,0.6199484948878713
qda,zoo nuovo,0.3,1305,0.18160919540229886,0.16163684796073352,0.20345050131321435,1.8588235294117648,1.6544006791275077,2.0823757193234878,0.5576470588235294,0.5101206889071245,0.6041406517168652,0.6056338028169014,0.48935768499400845,0.711065987077071
qda,zoo nuovo,0.5,2175,0.14390804597701148,0.12978451449189848,0.1592872104245156,1.472941176470588,1.328382677740608,1.6303514478744536,0.7364705882352941,0.6926028039120733,0.7761018790557213,0.8028169014084507,0.6958031829491169,0.8787446769879776
mlp,zoo nuovo,0.05,218,0.2981651376146789,0.2413620892202683,0.3619582258019702,3.0518078791149486,2.4704119720192166,3.704748899384871,0.15294117647058825,0.12184267239764247,0.19025741976405197,0.3380281690140845,0.23884988425189946,0.4538338185724453
mlp,zoo nuovo,0.1,435,0.24367816091954023,0.20569353676439533,0.28615028173153356,2.4941176470588236,2.1053338468826346,2.928832295369814,0.24941176470588236,0.21064451270839035,0.2926684351914094,0.4225352112676056,0.31453012070149655,0.5384925197797118
mlp,zoo nuovo,0.2,870,0.19080459770114944,0.16607569639436282,0.21825198161937437,1.9529411764705882,1.6998335983893604,2.2338732236335965,0.3905882352941176,0.3453820902357444,0.43775454898811184,0.5492957746478874,0.4340106587147449,0.659520388251759
mlp,zoo nuovo,0.3,1305,0.15632183908045977,0.13763023710402672,0.17703083666099279,1.5999999999999999,1.4086859562412146,1.8119626811183966,0.48,0.43289396760050397,0.5274643427952547,0.5774647887323944,0.46150748022028815,0.6854698792985033
mlp,zoo nuovo,0.5,2175,0.13011494252873562,0.11662568790106828,0.1449084666441288,1.3317647058823527,1.1936982173403459,1.4831807762399063,0.6658823529411765,0.6197292304926385,0.709063606813128,0.7746478873239436,0.6648482440200115,0.8562533033647951
adaboost,zoo nuovo,0.05,218,0.3211009174311927,0.26268088092583736,0.38571667102569224,3.28656233135456,2.6886160753585706,3.9479235740276732,0.16470588235294117,0.1324757135174035,0.2029430195879623,0.352112676056338,0.25122748121653293,0.4681793778839558
adaboost,zoo nuovo,0.1,435,0.2896551724137931,0.24901710245679756,0.33397580689187956,2.9647058823529413,2.548763283969575,3.418340611716885,0.2964705882352941,0.2550306574273576,0.3415568542471275,0.4507042253521127,0.34047961174824115,0.5659893412852551
adaboost,zoo nuovo,0.2,870,0.2206896551724138,0.19439358286032957,0.24944145712977503,2.2588235294117647,1.9896754951586673,2.5531066788576973,0.45176470588235296,0.4050928037278725,0.4993007684030749,0.5915492957746479,0.4753878184942342,0.6983126973007014
adaboost,zoo nuovo,0.3,1305,0.17777777777777778,0.1579891660081462,0.19945783849172158,1.8196078431372549,1.6170655814951433,2.0415096410329148,0.5458823529411765,0.4983465038701203,0.5925961958101981,0.676056338028169,0.5606115705582948,0.7734278828935044
adaboost,zoo nuovo,0.5,2175,0.14482758620689656,0.13066346882866964,0.16024409411249224,1.4823529411764707,1.3373790338934421,1.6401454338572734,0.7411764705882353,0.6975061981030051,0.780525941242258,0.8309859154929577,0.7274087200136651,0.9005854524757174
spline_lr,zoo nuovo,0.05,218,0.3348623853211009,0.27555270526263514,0.39989118884646907,3.4274150026983268,2.8203629832763832,4.093003932899154,0.17176470588235293,0.13888610530901754,0.2105238123625511,0.3380281690140845,0.23884988425189946,0.4538338185724453
spline_lr,zoo nuovo,0.1,435,0.28045977011494255,0.24030785504868238,0.32445523612944516,2.8705882352941177,2.4596215752041606,3.320894769795497,0.28705882352941176,0.2461072482661711,0.3318253506533769,0.4507042253521127,0.34047961174824115,0.5659893412852551
spline_lr,zoo nuovo,0.2,870,0.23448275862068965,0.20753490905398317,0.2637650672329064,2.4,2.1241808338466512,2.6997130410897476,0.48,0.43289396760050397,0.5274643427952547,0.6338028169014085,0.5175721979631125,0.7362977866602549
spline_lr,zoo nuovo,0.3,1305,0.19540229885057472,0.17479648748560467,0.21779610297503132,2.0,1.7890934601467772,2.229207171626791,0.6,0.5527289634811449,0.6454794845400619,0.7183098591549296,0.6045798293119349,0.8096290929682961
spline_lr,zoo nuovo,0.5,2175,0.14758620689655172,0.13330154193061808,0.16311353508478724,1.5105882352941176,1.364380487995738,1.66951500616194,0.7552941176470588,0.7122537643053635,0.7937607441723054,0.8169014084507042,0.7115182772560875,0.8897527389571509
lr_interactions,zoo nuovo,0.05,218,0.3853211009174312,0.3232345108830118,0.45137930447053276,3.943874797625472,3.308400287861415,4.619999939874864,0.1976470588235294,0.16256814856094737,0.2381427791866983,0.3380281690140845,0.23884988425189946,0.4538338185724453
lr_interactions,zoo nuovo,0.1,435,0.3103448275862069,0.26868866244199374,0.35532133779041997,3.176470588235294,2.7501074861709944,3.6368183985607687,0.3176470588235294,0.2751870020148408,0.36337406335825284,0.4507042253521127,0.34047961174824115,0.5659893412852551
lr_interactions,zoo nuovo,0.2,870,0.21149425287356322,0.18565691660926031,0.2398681658496543,2.164705882352941,1.9002531464712524,2.4551212269317557,0.4329411764705882,0.3866428457427885,0.4804409008782846,0.6056338028169014,0.48935768499400845,0.711065987077071
lr_interactions,zoo nuovo,0.3,1305,0.17164750957854405,0.15216026881610326,0.19306218404523642,1.756862745098039,1.5574051043530568,1.976048236698302,0.5270588235294118,0.4795624421994909,0.5740704319709534,0.647887323943662,0.5318206221160442,0.7487725187834671
lr_interactions,zoo nuovo,0.5,2175,0.1374712643678161,0.12363764933216874,0.15258320941101075,1.4070588235294117,1.2654677049292564,1.5617340257362275,0.7035294117647058,0.6584431457528724,0.7449693425726424,0.7887323943661971,0.6802502178379416,0.8675744858230089
combinato_lgbm,ACR + eGFR continui,0.05,218,0.38073394495412843,0.3188694488380394,0.446728919129647,3.8969239071775497,3.2637225939893444,4.5724018781505045,0.1952941176470588,0.160404445287573,0.23564275427133838,0.4084507042253521,0.3016873026992986,0.5246121815057658
combinato_lgbm,ACR + eGFR continui,0.1,435,0.30344827586206896,0.2621200793275824,0.34821755727691905,3.105882352941176,2.6828761060587847,3.5641091156578772,0.31058823529411766,0.26845637810924744,0.35611350269764347,0.49295774647887325,0.38005150511212876,0.6065869167497993
combinato_lgbm,ACR + eGFR continui,0.2,870,0.22528735632183908,0.198769287157729,0.2542207315979706,2.3058823529411763,2.034462115614403,2.60202395870864,0.4611764705882353,0.41434311074896135,0.5087053741369231,0.6197183098591549,0.5034185628665777,0.7237282654806456
combinato_lgbm,ACR + eGFR continui,0.3,1305,0.19233716475095786,0.17186844969101903,0.21461186495035298,1.968627450980392,1.7591241321316065,2.1966155589036127,0.5905882352941176,0.5432301347812326,0.636323400485037,0.7183098591549296,0.6045798293119349,0.8096290929682961
combinato_lgbm,ACR + eGFR continui,0.5,2175,0.1503448275862069,0.13594139763465687,0.16598119345499182,1.5388235294117647,1.3914001875547233,1.6988663330099163,0.7694117647058824,0.7270599144752847,0.8069369631347898,0.8309859154929577,0.7274087200136651,0.9005854524757174
combinato_lgbm_etero,ACR + eGFR continui,0.05,218,0.3761467889908257,0.3145103194789636,0.4420726011028646,3.8499730167296278,3.2191056229023327,4.524743093641085,0.19294117647058823,0.1582428094917828,0.2331406618783943,0.36619718309859156,0.2637022133397451,0.4824278020368875
combinato_lgbm_etero,ACR + eGFR continui,0.1,435,0.28735632183908044,0.246837803510933,0.33159765129510665,2.941176470588235,2.526457518288373,3.3939994897263857,0.29411764705882354,0.25279774253320814,0.3391260409525428,0.4788732394366197,0.366775239111811,0.5931400264739731
combinato_lgbm_etero,ACR + eGFR continui,0.2,870,0.22873563218390805,0.2020542020559701,0.25780205077392576,2.3411764705882354,2.068084185749341,2.6386798138037104,0.4682352941176471,0.42129184950422666,0.5157478199478607,0.6338028169014085,0.5175721979631125,0.7362977866602549
combinato_lgbm_etero,ACR + eGFR continui,0.3,1305,0.189272030651341,0.1689424786533362,0.21142556016877176,1.937254901960784,1.7291759579812056,2.1640027923156637,0.5811764705882353,0.5337487705091896,0.6271498520021429,0.6901408450704225,0.5751598742905824,0.7856027354373607
combinato_lgbm_etero,ACR + eGFR continui,0.5,2175,0.1471264367816092,0.13286173817410712,0.16263541982892427,1.5058823529411764,1.3598789671938023,1.6646213558960483,0.7529411764705882,0.7097918592034237,0.7915589210855108,0.7605633802816901,0.649587791439064,0.8447905996695988
combinato_mlp,ACR + eGFR continui,0.05,218,0.3348623853211009,0.27555270526263514,0.39989118884646907,3.4274150026983268,2.8203629832763832,4.093003932899154,0.17176470588235293,0.13888610530901754,0.2105238123625511,0.38028169014084506,0.2762717345193544,0.4965814371334222
combinato_mlp,ACR + eGFR continui,0.1,435,0.28735632183908044,0.246837803510933,0.33159765129510665,2.941176470588235,2.526457518288373,3.3939994897263857,0.29411764705882354,0.25279774253320814,0.3391260409525428,0.4507042253521127,0.34047961174824115,0.5659893412852551
combinato_mlp,ACR + eGFR continui,0.2,870,0.23563218390804597,0.20863191421518146,0.26495680676310684,2.411764705882353,2.1354090043200924,2.7119108456929757,0.4823529411764706,0.43521751711304096,0.529804521471452,0.6056338028169014,0.48935768499400845,0.711065987077071
combinato_mlp,ACR + eGFR continui,0.3,1305,0.19233716475095786,0.17186844969101903,0.21461186495035298,1.968627450980392,1.7591241321316065,2.1966155589036127,0.5905882352941176,0.5432301347812326,0.636323400485037,0.676056338028169,0.5606115705582948,0.7734278828935044
combinato_mlp,ACR + eGFR continui,0.5,2175,0.1425287356321839,0.12846646664543637,0.15785150123385605,1.4588235294117646,1.3148920703709368,1.6156565420406441,0.7294117647058823,0.6852590256436016,0.7694544727579903,0.7746478873239436,0.6648482440200115,0.8562533033647951
margine_kdigo,ACR + eGFR continui,0.05,218,0.37155963302752293,0.3101571643715888,0.43741030882438114,3.803022126281705,3.1745498000386148,4.477023160908371,0.19058823529411764,0.15608326949775644,0.23063647368368642,0.38028169014084506,0.2762717345193544,0.4965814371334222
margine_kdigo,ACR + eGFR continui,0.1,435,0.30344827586206896,0.2621200793275824,0.34821755727691905,3.105882352941176,2.6828761060587847,3.5641091156578772,0.31058823529411766,0.26845637810924744,0.35611350269764347,0.49295774647887325,0.38005150511212876,0.6065869167497993
margine_kdigo,ACR + eGFR continui,0.2,870,0.2264367816091954,0.19986396274018192,0.2554148007069164,2.317647058823529,2.045666442164215,2.6142456072354974,0.46352941176470586,0.4166583104824527,0.511053902592166,0.6197183098591549,0.5034185628665777,0.7237282654806456
margine_kdigo,ACR + eGFR continui,0.3,1305,0.1839080459770115,0.16382711836315805,0.2058444377752378,1.8823529411764706,1.6768187408935,2.1068783631112575,0.5647058823529412,0.5171979009712896,0.6110546242189029,0.676056338028169,0.5606115705582948,0.7734278828935044
margine_kdigo,ACR + eGFR continui,0.5,2175,0.14390804597701148,0.12978451449189848,0.1592872104245156,1.472941176470588,1.328382677740608,1.6303514478744536,0.7364705882352941,0.6926028039120733,0.7761018790557213,0.8169014084507042,0.7115182772560875,0.8897527389571509
stacking,combinazione di modelli,0.05,218,0.38073394495412843,0.3188694488380394,0.446728919129647,3.8969239071775497,3.2637225939893444,4.5724018781505045,0.1952941176470588,0.160404445287573,0.23564275427133838,0.38028169014084506,0.2762717345193544,0.4965814371334222
stacking,combinazione di modelli,0.1,435,0.31264367816091954,0.2708806697207594,0.35768678505429174,3.1999999999999997,2.7725433253771845,3.66102944702628,0.32,0.27743312136464865,0.3657916721971793,0.4788732394366197,0.366775239111811,0.5931400264739731
stacking,combinazione di modelli,0.2,870,0.22988505747126436,0.20314976265610094,0.25899523486519366,2.352941176470588,2.079297570715386,2.650892403914335,0.47058823529411764,0.4236101867862113,0.5180932108546102,0.6338028169014085,0.5175721979631125,0.7362977866602549
stacking,combinazione di modelli,0.3,1305,0.19233716475095786,0.17186844969101903,0.21461186495035298,1.968627450980392,1.7591241321316065,2.1966155589036127,0.5905882352941176,0.5432301347812326,0.636323400485037,0.704225352112676,0.5898146180172533,0.7976711479868338
stacking,combinazione di modelli,0.5,2175,0.1489655172413793,0.1346212495165648,0.1645475845359622,1.524705882352941,1.3778880832871925,1.684192924073966,0.7623529411764706,0.7196493005350387,0.800356392508833,0.8450704225352113,0.7434903714672241,0.9112269572983023
rank_mean,combinazione di modelli,0.05,218,0.3761467889908257,0.3145103194789636,0.4420726011028646,3.8499730167296278,3.2191056229023327,4.524743093641085,0.19294117647058823,0.1582428094917828,0.2331406618783943,0.36619718309859156,0.2637022133397451,0.4824278020368875
rank_mean,combinazione di modelli,0.1,435,0.2942528735632184,0.2533796187935117,0.3387281996404402,3.011764705882353,2.593414921768884,3.466982749260976,0.30117647058823527,0.25950055587020987,0.3464144121817438,0.43661971830985913,0.3274612274515327,0.5522845693058194
rank_mean,combinazione di modelli,0.2,870,0.2264367816091954,0.19986396274018192,0.2554148007069164,2.317647058823529,2.045666442164215,2.6142456072354974,0.46352941176470586,0.4166583104824527,0.511053902592166,0.5915492957746479,0.4753878184942342,0.6983126973007014
rank_mean,combinazione di modelli,0.3,1305,0.189272030651341,0.1689424786533362,0.21142556016877176,1.937254901960784,1.7291759579812056,2.1640027923156637,0.5811764705882353,0.5337487705091896,0.6271498520021429,0.7183098591549296,0.6045798293119349,0.8096290929682961
rank_mean,combinazione di modelli,0.5,2175,0.14666666666666667,0.1324219841214049,0.16215725486925262,1.5011764705882351,1.3553779551249678,1.6597271968970562,0.7505882352941177,0.7073315648085906,0.7893554872916096,0.8309859154929577,0.7274087200136651,0.9005854524757174
