Modello,AUROC,AUROC_low,AUROC_high,PR_AUC,Brier_Score,AUROC_eGFR_inf_60,AUROC_ACR_sup_30,AUROC_Macroalbuminuria,Severe_Cases_Sensitivity,Youden_Sensitivity,Youden_Specificity,Youden_F1,Youden_Balanced_Accuracy,Spec_at_90_Sens,Prec_at_90_Sens,Alert_Rate_at_90_Sens,Top_10_Prevalence,Top_10_Lift,Top_20_Prevalence,Top_20_Lift,Net_Benefit_10pct
TabPFN,0.7095187710753091,0.6819637046363882,0.7370738375142301,0.25306740009914774,0.0817540995833655,0.8480678018816576,0.695625100656525,0.748333978577881,0.9577464788732394,0.6211764705882353,0.715923566878981,0.2926829268292683,0.6685500187336081,0.2310828025477707,0.1126139370773302,0.7818390804597701,0.2988505747126437,3.058823529411765,0.22873563218390805,2.3411764705882354,0.010957854406130257
Ensemble Mean (LR+RF+XGB),0.7075057324840764,0.6800414212138746,0.7349700437542783,0.2575417778663618,0.08144617465886228,0.8150147548328094,0.6969324129333284,0.766566008517228,0.9295774647887324,0.6235294117647059,0.6940127388535031,0.28027498677948176,0.6587710753091045,0.2532484076433121,0.1155703077851539,0.7618390804597701,0.31724137931034485,3.2470588235294118,0.22413793103448276,2.2941176470588234,0.01318007662835248
Super Learner (Stacking Meta-Ensemble),0.7050185088047957,0.6775743228349582,0.7324626947746331,0.25269122280785516,0.0818515726117741,0.8140817014155013,0.6945355650881768,0.7713098464317976,0.9154929577464789,0.5105882352941177,0.7928662420382165,0.29828178694158075,0.6517272386661671,0.23133757961783438,0.1126470588235294,0.7816091954022989,0.30344827586206896,3.105882352941176,0.22758620689655173,2.3294117647058825,0.010983397190293731
Random Forest,0.7032128887223679,0.6756747074761853,0.7307510699685504,0.24603167782196167,0.0825986748557044,0.7938470310758624,0.6937290088356053,0.7408284939992257,0.9014084507042254,0.5505882352941176,0.7569426751592356,0.2901425914445133,0.6537654552266766,0.23235668789808916,0.11277974087161366,0.7806896551724138,0.29195402298850576,2.988235294117647,0.22413793103448276,2.2941176470588234,0.011085568326947626
Tri-Ensemble (Top 21),0.7031247658298988,0.6756214873673579,0.7306280442924397,0.25182921143736153,0.08179182573582186,0.8162514208700353,0.692851381741053,0.7513227513227514,0.9436619718309859,0.5905882352941176,0.7143949044585987,0.2793544796883695,0.6524915698763583,0.2667515923566879,0.11744863538791782,0.7496551724137931,0.3080459770114943,3.152941176470588,0.21724137931034482,2.2235294117647055,0.014533844189016584
Target Decomposition (eGFR+ACR),0.7015721243911578,0.6736812830796834,0.7294629657026321,0.2604075823183703,0.08148193868586388,0.8044660675871312,0.6925762267381549,0.7516737643566912,0.9154929577464789,0.46588235294117647,0.8379617834394905,0.3145353455123114,0.6519220681903335,0.24280254777070065,0.11415797317436661,0.771264367816092,0.296551724137931,3.0352941176470583,0.22873563218390805,2.3411764705882354,0.01213282247765006
LightGBM,0.7009198950917948,0.6735709803831172,0.7282688098004723,0.2463785711037087,0.082120732749807,0.8108012040832195,0.6908581380352238,0.7752174474125694,0.9154929577464789,0.6564705882352941,0.65171974522293,0.2694350555287301,0.654095166729112,0.24662420382165606,0.11467065868263474,0.767816091954023,0.28045977011494255,2.8705882352941177,0.22413793103448276,2.2941176470588234,0.012515964240102165
XGBoost (Native NaN),0.7006009741476207,0.6726566811330237,0.7285452671622177,0.24970500677551766,0.08186297311193308,0.8312950559276662,0.6884801989461955,0.7779377984256033,0.9577464788732394,0.6588235294117647,0.645859872611465,0.26730310262529833,0.6523417010116148,0.255796178343949,0.11592009685230024,0.7595402298850574,0.31724137931034485,3.2470588235294118,0.2218390804597701,2.2705882352941176,0.013435504469987217
Extra Trees,0.6991364556013488,0.6712143605201694,0.7270585506825283,0.25238520992619523,0.08212539514011302,0.8059248891999066,0.6876032238777163,0.7481894437991998,0.9577464788732394,0.5458823529411765,0.7673885350318471,0.29554140127388534,0.6566354439865119,0.2318471337579618,0.11271336080047087,0.7811494252873563,0.30114942528735633,3.0823529411764703,0.22298850574712645,2.2823529411764705,0.011034482758620678
XGBoost (Fase A),0.698736905207943,0.6711841256644152,0.7262896847514707,0.25137028733113365,0.08199302645929998,0.8024407492567044,0.6899664923800972,0.7560923990192282,0.9154929577464789,0.731764705882353,0.5638216560509555,0.2540849673202614,0.6477931809666542,0.24509554140127388,0.11446503287507472,0.7691954022988505,0.3057471264367816,3.129411764705882,0.2218390804597701,2.2705882352941176,0.012362707535121323
Continuous Target (Dual Regression),0.6985753465717498,0.6702284208950275,0.7269222722484721,0.2700942203392651,0.08096781281104086,0.8123303749615857,0.6862183204982001,0.7284604465092269,0.9154929577464789,0.571764705882353,0.7414012738853504,0.2887700534759358,0.6565829898838516,0.2135031847133758,0.11037463976945244,0.7977011494252874,0.3103448275862069,3.176470588235294,0.2264367816091954,2.317647058823529,0.009195402298850575
Logistic Regr. (Penalized),0.6968302735106783,0.6686761114544535,0.7249844355669031,0.2421879528042959,0.08251517609877423,0.8242045904747094,0.6832470376825428,0.774056007226739,0.9436619718309859,0.5035294117647059,0.8028025477707006,0.3029016277423921,0.6531659797677032,0.22343949044585987,0.11162926260565433,0.7887356321839081,0.30344827586206896,3.105882352941176,0.2264367816091954,2.317647058823529,0.010191570881226047
Logistic Regr. (All Scaled),0.6964412139378044,0.6685533739580559,0.724329053917553,0.2503536252773225,0.08189381875072001,0.8107012340742221,0.6840177325010873,0.7651361465995613,0.9436619718309859,0.5882352941176471,0.7024203821656051,0.27129679869777534,0.6453278381416261,0.24764331210191082,0.11480815347721822,0.766896551724138,0.30114942528735633,3.0823529411764703,0.2218390804597701,2.2705882352941176,0.01261813537675606
CatBoost,0.695344173847883,0.6674261820496347,0.7232621656461314,0.24049949097795661,0.08257500391459095,0.7926510935608206,0.6869590221173764,0.7208310749774164,0.9154929577464789,0.4752941176470588,0.8112101910828026,0.2953216374269006,0.6432521543649307,0.2402547770700637,0.1138187221396731,0.7735632183908046,0.2988505747126437,3.058823529411765,0.21839080459770116,2.235294117647059,0.01187739463601531
XGBoost (No Pruner),0.6946547770700636,0.6665490259740942,0.7227605281660331,0.24850124421904476,0.08201664685169517,0.7991861700749034,0.6859770708511091,0.7536456316944122,0.9154929577464789,0.5976470588235294,0.7143949044585987,0.2822222222222222,0.656020981641064,0.23923566878980893,0.1136835856337192,0.7744827586206896,0.30344827586206896,3.105882352941176,0.21954022988505748,2.2470588235294118,0.011775223499361415
XGBoost (Extended),0.6926165605095541,0.6646011793617869,0.7206319416573214,0.24423724677711484,0.08225084738623874,0.7974311410280619,0.6841403134028524,0.7720325203252033,0.9154929577464789,0.6329411764705882,0.6588535031847134,0.26463354648303,0.6458973398276509,0.23337579617834395,0.1129127358490566,0.7797701149425287,0.2896551724137931,2.9647058823529413,0.2218390804597701,2.2705882352941176,0.01118773946360152
Explainable BM (EBM),0.6918780067440989,0.6635243714104837,0.7202316420777142,0.2567717119034493,0.08222129885997277,0.7901814640792947,0.6846130323059358,0.7552613240418118,0.9295774647887324,0.571764705882353,0.7314649681528662,0.28222996515679444,0.6516148370176096,0.23312101910828026,0.11287945770704391,0.78,0.29195402298850576,2.988235294117647,0.22298850574712645,2.2823529411764705,0.011162196679438047
Logistic Regr. (SCORED),0.6750642188085425,0.646170710032695,0.70395772758439,0.2238032821008589,0.08329540413956829,0.7685546187995453,0.6646228909401628,0.7150135501355013,0.9295774647887324,0.5176470588235295,0.7645859872611465,0.2804333970681963,0.6411165230423379,0.209171974522293,0.10983653570404359,0.8016091954022988,0.2735632183908046,2.8,0.2149425287356322,2.1999999999999997,0.008761174968071508
Tabular MLP (Neural Net),0.5305627575871112,0.5015634361219865,0.559562079052236,0.11668515786567737,0.09244983284438726,0.5869609487524112,0.5210366432132888,0.47469867079623174,0.8873239436619719,0.6376470588235295,0.42700636942675163,0.18404074702886247,0.5323267141251405,0.12917197452229298,0.10076295711654827,0.8737931034482759,0.12643678160919541,1.2941176470588236,0.11609195402298851,1.188235294117647,0.0007407407407407363
Dummy (Prevalenza),0.5,0.5,0.5,0.09770114942528736,0.08815563482626504,0.5,0.5,0.5,1.0,0.0,1.0,0.0,0.5,0.0,0.09770114942528736,1.0,0.09770114942528736,1.0,0.09770114942528736,1.0,-0.0025542784163473803
