Punto Operativo,Soglia,Sensibilità (%),Specificità (%),Precision (PPV) (%),NPV (%),F1-Score,Tasso di Allerta (%),Esami Risparmiati (%),TP,FP,FN,TN
Sensibilità Fissata all'80%,0.051647868007421494,80.0,47.51592356687898,14.166666666666666,95.64102564102565,0.2407079646017699,55.172413793103445,44.827586206896555,340,2060,85,1865
Sensibilità Fissata all'85%,0.0448245108127594,85.1764705882353,34.394904458598724,12.325502213142663,95.54140127388536,0.21534800713860797,67.51724137931035,32.48275862068966,362,2575,63,1350
Sensibilità Fissata al 90%,0.03974349424242973,90.11764705882352,23.10828025477707,11.261393707733019,95.57428872497366,0.20020909566126502,78.183908045977,21.816091954022987,383,3018,42,907
Soglia Ottimale Youden (0.077),0.07742337137460709,62.117647058823536,71.59235668789809,19.144307469180568,94.58094917536182,0.2926829268292683,31.701149425287355,68.29885057471265,264,1115,161,2810
Soglia fissa 0.03,0.03,98.58823529411764,3.210191082802548,9.933617828354672,95.45454545454545,0.18048675425371527,96.9655172413793,3.0344827586206935,419,3799,6,126
Soglia fissa 0.05,0.05,80.23529411764706,44.560509554140125,13.547874453714739,95.41734860883797,0.2318150917743032,57.862068965517246,42.137931034482754,341,2176,84,1749
Soglia fissa 0.07,0.07,64.70588235294117,66.57324840764332,17.328292375551353,94.57111834961998,0.27335984095427435,36.48275862068965,63.51724137931034,275,1312,150,2613
Soglia fissa 0.09,0.09,54.8235294117647,77.35031847133757,20.766488413547236,94.05204460966543,0.30122818358112474,25.79310344827586,74.20689655172414,233,889,192,3036
Soglia fissa 0.10,0.1,49.411764705882355,80.68789808917197,21.694214876033058,93.6428149024246,0.3015075376884422,22.252873563218394,77.74712643678161,210,758,215,3167
Soglia fissa 0.12,0.12,43.76470588235294,85.37579617834396,24.47368421052632,93.3426183844011,0.3139240506329114,17.47126436781609,82.5287356321839,186,574,239,3351
Soglia fissa 0.15,0.15,35.294117647058826,89.63057324840764,26.929982046678635,92.74980226733457,0.3054989816700611,12.804597701149426,87.19540229885058,150,407,275,3518
Soglia fissa 0.20,0.2,25.882352941176475,94.08917197452229,32.16374269005848,92.14071856287424,0.28683181225554105,7.862068965517241,92.13793103448276,110,232,315,3693
Soglia fissa 0.25,0.25,19.52941176470588,96.53503184713375,37.89954337899543,91.72113289760348,0.2577639751552795,5.0344827586206895,94.96551724137932,83,136,342,3789
Soglia fissa 0.30,0.3,12.941176470588237,97.98726114649682,41.04477611940299,91.22390891840607,0.1967799642218247,3.0804597701149428,96.91954022988506,55,79,370,3846
Soglia fissa 0.40,0.4,4.941176470588235,99.26114649681529,42.0,90.60465116279069,0.08842105263157894,1.1494252873563218,98.85057471264368,21,29,404,3896
Soglia fissa 0.50,0.5,2.3529411764705883,99.79617834394905,55.55555555555556,90.42012927054478,0.045146726862302484,0.41379310344827586,99.58620689655172,10,8,415,3917
