number,value,datetime_start,datetime_complete,duration,params_colsample_bytree,params_learning_rate,params_max_depth,params_n_estimators,params_reg_alpha,params_reg_lambda,params_subsample,system_attrs_tpe:relative_params:0,state
0,0.19225407995600938,2026-09-19 04:35:59.696482,2026-09-19 04:36:03.613143,0 days 00:00:03.916661,0.5780093202212182,0.2536999076681772,10,574,0.7799726016810132,0.2904180608409973,0.8394633936788146,,COMPLETE
1,0.20748352665906725,2026-09-19 04:36:03.613143,2026-09-19 04:36:13.229237,0 days 00:00:09.616094,0.9849549260809971,0.07725378389307355,10,1067,4.162213204002109,1.0616955533913808,0.608233797718321,,COMPLETE
2,0.22209149388295457,2026-09-19 04:36:13.229237,2026-09-19 04:36:19.371452,0 days 00:00:06.142215,0.7159725093210578,0.018659959624904916,6,382,1.4561457009902097,3.0592644736118975,0.8099025726528951,,COMPLETE
3,0.21811473838772474,2026-09-19 04:36:19.371452,2026-09-19 04:36:25.569526,0 days 00:00:06.198074,0.8925879806965068,0.027010527749605478,6,339,0.9983689107917987,2.571172192068058,0.7824279936868144,,COMPLETE
4,0.21750899571127932,2026-09-19 04:36:25.569526,2026-09-19 04:36:39.265498,0 days 00:00:13.695972,0.5325257964926398,0.011711509955524094,9,793,4.7444276862666666,4.828160165372797,0.6682096494749166,,COMPLETE
5,0.21975465854214932,2026-09-19 04:36:39.265498,2026-09-19 04:36:44.276300,0 days 00:00:05.010802,0.7200762468698007,0.028180680291847244,3,1009,0.6101911742238941,2.475884550556351,0.8736932106048627,,COMPLETE
6,0.18457887445331528,2026-09-19 04:36:44.276300,2026-09-19 04:36:44.689638,0 days 00:00:00.413338,0.6558555380447055,0.22038218939289875,5,234,2.600340105889054,2.7335513967163982,0.8650089137415928,,PRUNED
7,0.19854119652604846,2026-09-19 04:36:44.689638,2026-09-19 04:36:45.337421,0 days 00:00:00.647783,0.9474136752138245,0.27051668818999286,10,385,2.9894998940554256,4.609371175115584,0.9757995766256756,,PRUNED
8,0.2449030621178066,2026-09-19 04:36:45.337421,2026-09-19 04:36:46.830682,0 days 00:00:01.493261,0.6943386448447411,0.01947558230629543,3,288,1.3567451588694794,4.143687545759647,0.7301321323053057,,COMPLETE
9,0.20532757431479057,2026-09-19 04:36:46.830682,2026-09-19 04:36:49.455597,0 days 00:00:02.624915,0.9010984903770198,0.026000059117302653,8,557,0.3727532183988541,4.9344346830025865,0.6563696899899051,,PRUNED
10,0.2196080488059601,2026-09-19 04:36:49.455597,2026-09-19 04:36:52.569174,0 days 00:00:03.113577,0.7146334367602184,0.05304539620046197,3,664,3.787268579910349,1.7187343523663845,0.6160894317513417,"{""colsample_bytree"": 0.7146334367602184, ""learning_rate"": 0.05304539620046197, ""max_depth"": 3, ""n_estimators"": 664, ""reg_alpha"": 3.787268579910349, ""reg_lambda"": 1.7187343523663845, ""subsample"": 0.6160894317513417}",COMPLETE
11,0.2015485058525258,2026-09-19 04:36:52.569174,2026-09-19 04:36:54.376668,0 days 00:00:01.807494,0.7033845638485798,0.02717610751841285,7,472,1.8878968880944633,4.609505292010988,0.7005372978290981,"{""colsample_bytree"": 0.7033845638485798, ""learning_rate"": 0.02717610751841285, ""max_depth"": 7, ""n_estimators"": 472, ""reg_alpha"": 1.8878968880944633, ""reg_lambda"": 4.609505292010988, ""subsample"": 0.7005372978290981}",PRUNED
12,0.23703515044182807,2026-09-19 04:36:54.377668,2026-09-19 04:36:57.177149,0 days 00:00:02.799481,0.6758580632546128,0.021094418668414806,3,565,2.7850472913606197,3.035464576639388,0.7835277754542175,"{""colsample_bytree"": 0.6758580632546128, ""learning_rate"": 0.021094418668414806, ""max_depth"": 3, ""n_estimators"": 565, ""reg_alpha"": 2.7850472913606197, ""reg_lambda"": 3.035464576639388, ""subsample"": 0.7835277754542175}",COMPLETE
13,0.24488285263478712,2026-09-19 04:36:57.177149,2026-09-19 04:36:59.063457,0 days 00:00:01.886308,0.6219776027909886,0.01898142141504461,3,388,2.4305294045097035,3.961546268520223,0.7394965644285741,"{""colsample_bytree"": 0.6219776027909886, ""learning_rate"": 0.01898142141504461, ""max_depth"": 3, ""n_estimators"": 388, ""reg_alpha"": 2.4305294045097035, ""reg_lambda"": 3.961546268520223, ""subsample"": 0.7394965644285741}",COMPLETE
14,0.24261346984499887,2026-09-19 04:36:59.063457,2026-09-19 04:37:00.633535,0 days 00:00:01.570078,0.6882359041151164,0.013297632449769198,3,294,1.3599495706672913,4.072821271937603,0.6640610056965446,"{""colsample_bytree"": 0.6882359041151164, ""learning_rate"": 0.013297632449769198, ""max_depth"": 3, ""n_estimators"": 294, ""reg_alpha"": 1.3599495706672913, ""reg_lambda"": 4.072821271937603, ""subsample"": 0.6640610056965446}",COMPLETE
15,0.24209356653156933,2026-09-19 04:37:00.633535,2026-09-19 04:37:03.572360,0 days 00:00:02.938825,0.7744602299748806,0.016119255852619103,3,549,2.4755384096122537,4.984873188687461,0.7129969095810971,"{""colsample_bytree"": 0.7744602299748806, ""learning_rate"": 0.016119255852619103, ""max_depth"": 3, ""n_estimators"": 549, ""reg_alpha"": 2.4755384096122537, ""reg_lambda"": 4.984873188687461, ""subsample"": 0.7129969095810971}",COMPLETE
16,0.23955566151504123,2026-09-19 04:37:03.572360,2026-09-19 04:37:05.483085,0 days 00:00:01.910725,0.8782206963223043,0.022412314278256497,3,375,1.5695497610689195,3.852797344822234,0.8169162866649753,"{""colsample_bytree"": 0.8782206963223043, ""learning_rate"": 0.022412314278256497, ""max_depth"": 3, ""n_estimators"": 375, ""reg_alpha"": 1.5695497610689195, ""reg_lambda"": 3.852797344822234, ""subsample"": 0.8169162866649753}",COMPLETE
17,0.24475595705860115,2026-09-19 04:37:05.483085,2026-09-19 04:37:06.811915,0 days 00:00:01.328830,0.5780811398164788,0.02504344446625727,3,256,0.6035208944797119,3.506804027923485,0.6102949295492487,"{""colsample_bytree"": 0.5780811398164788, ""learning_rate"": 0.02504344446625727, ""max_depth"": 3, ""n_estimators"": 256, ""reg_alpha"": 0.6035208944797119, ""reg_lambda"": 3.506804027923485, ""subsample"": 0.6102949295492487}",COMPLETE
18,0.22704125686428042,2026-09-19 04:37:06.811915,2026-09-19 04:37:07.470860,0 days 00:00:00.658945,0.5883034199506845,0.020603632367678898,5,329,2.281747961041503,4.46218005310167,0.6808999171051804,"{""colsample_bytree"": 0.5883034199506845, ""learning_rate"": 0.020603632367678898, ""max_depth"": 5, ""n_estimators"": 329, ""reg_alpha"": 2.281747961041503, ""reg_lambda"": 4.46218005310167, ""subsample"": 0.6808999171051804}",PRUNED
19,0.22447749565434083,2026-09-19 04:37:07.470860,2026-09-19 04:37:08.298952,0 days 00:00:00.828092,0.6475896704780713,0.010275037017650224,6,280,0.7803348535457741,4.308274125386537,0.7220799707625066,"{""colsample_bytree"": 0.6475896704780713, ""learning_rate"": 0.010275037017650224, ""max_depth"": 6, ""n_estimators"": 280, ""reg_alpha"": 0.7803348535457741, ""reg_lambda"": 4.308274125386537, ""subsample"": 0.7220799707625066}",PRUNED
20,0.2459217771943722,2026-09-19 04:37:08.298952,2026-09-19 04:37:09.989891,0 days 00:00:01.690939,0.7771616615731367,0.021806341430372706,3,305,0.34482530964335556,4.6639227507727945,0.7734791843327083,"{""colsample_bytree"": 0.7771616615731367, ""learning_rate"": 0.021806341430372706, ""max_depth"": 3, ""n_estimators"": 305, ""reg_alpha"": 0.34482530964335556, ""reg_lambda"": 4.6639227507727945, ""subsample"": 0.7734791843327083}",COMPLETE
21,0.22737764983297631,2026-09-19 04:37:09.989891,2026-09-19 04:37:10.443613,0 days 00:00:00.453722,0.8655100829972614,0.01868061352163966,4,303,0.05848121791556199,4.407288175540374,0.7083391670522478,"{""colsample_bytree"": 0.8655100829972614, ""learning_rate"": 0.01868061352163966, ""max_depth"": 4, ""n_estimators"": 303, ""reg_alpha"": 0.05848121791556199, ""reg_lambda"": 4.407288175540374, ""subsample"": 0.7083391670522478}",PRUNED
22,0.24132221693106343,2026-09-19 04:37:10.443613,2026-09-19 04:37:11.569835,0 days 00:00:01.126222,0.8186411633182861,0.035507112188632145,3,215,0.9040183318172934,3.5239493742750767,0.7498522732430534,"{""colsample_bytree"": 0.8186411633182861, ""learning_rate"": 0.035507112188632145, ""max_depth"": 3, ""n_estimators"": 215, ""reg_alpha"": 0.9040183318172934, ""reg_lambda"": 3.5239493742750767, ""subsample"": 0.7498522732430534}",COMPLETE
23,0.2488327545475521,2026-09-19 04:37:11.569835,2026-09-19 04:37:13.187981,0 days 00:00:01.618146,0.6965828000350858,0.01936674656542754,3,304,0.7113520114938232,4.928438658989664,0.8040216368342405,"{""colsample_bytree"": 0.6965828000350858, ""learning_rate"": 0.01936674656542754, ""max_depth"": 3, ""n_estimators"": 304, ""reg_alpha"": 0.7113520114938232, ""reg_lambda"": 4.928438658989664, ""subsample"": 0.8040216368342405}",COMPLETE
24,0.2089333656587612,2026-09-19 04:37:13.187981,2026-09-19 04:37:13.851754,0 days 00:00:00.663773,0.8522631918398187,0.03950340225674501,5,295,0.020370713876777746,4.6047051141638295,0.7906695224647292,"{""colsample_bytree"": 0.8522631918398187, ""learning_rate"": 0.03950340225674501, ""max_depth"": 5, ""n_estimators"": 295, ""reg_alpha"": 0.020370713876777746, ""reg_lambda"": 4.6047051141638295, ""subsample"": 0.7906695224647292}",PRUNED
25,0.2311988267462215,2026-09-19 04:37:13.851754,2026-09-19 04:37:14.319083,0 days 00:00:00.467329,0.7824285007058911,0.04008564548834437,4,300,1.918485727853447,3.7310079357583765,0.7771390461119726,"{""colsample_bytree"": 0.7824285007058911, ""learning_rate"": 0.04008564548834437, ""max_depth"": 4, ""n_estimators"": 300, ""reg_alpha"": 1.918485727853447, ""reg_lambda"": 3.7310079357583765, ""subsample"": 0.7771390461119726}",PRUNED
26,0.23904025162138423,2026-09-19 04:37:14.319083,2026-09-19 04:37:16.062276,0 days 00:00:01.743193,0.6926158146871383,0.025088852163235646,3,330,0.26182721657525226,3.979882385399792,0.7532343360246055,"{""colsample_bytree"": 0.6926158146871383, ""learning_rate"": 0.025088852163235646, ""max_depth"": 3, ""n_estimators"": 330, ""reg_alpha"": 0.26182721657525226, ""reg_lambda"": 3.979882385399792, ""subsample"": 0.7532343360246055}",COMPLETE
27,0.2275704666999413,2026-09-19 04:37:16.062276,2026-09-19 04:37:16.671382,0 days 00:00:00.609106,0.628614872425706,0.015747488793650094,4,463,0.39408012049573354,4.019673418100667,0.8177885691426329,"{""colsample_bytree"": 0.628614872425706, ""learning_rate"": 0.015747488793650094, ""max_depth"": 4, ""n_estimators"": 463, ""reg_alpha"": 0.39408012049573354, ""reg_lambda"": 4.019673418100667, ""subsample"": 0.8177885691426329}",PRUNED
28,0.24172840033326307,2026-09-19 04:37:16.671382,2026-09-19 04:37:17.876209,0 days 00:00:01.204827,0.6635043661286325,0.017638469446580266,3,231,0.7456067325725988,4.768357413632011,0.8570396719268694,"{""colsample_bytree"": 0.6635043661286325, ""learning_rate"": 0.017638469446580266, ""max_depth"": 3, ""n_estimators"": 231, ""reg_alpha"": 0.7456067325725988, ""reg_lambda"": 4.768357413632011, ""subsample"": 0.8570396719268694}",COMPLETE
29,0.22075603144502054,2026-09-19 04:37:17.876209,2026-09-19 04:37:18.217704,0 days 00:00:00.341495,0.7729413165544534,0.03291858101810629,3,299,1.3510018460301747,4.758996272273373,0.7972410902832222,"{""colsample_bytree"": 0.7729413165544534, ""learning_rate"": 0.03291858101810629, ""max_depth"": 3, ""n_estimators"": 299, ""reg_alpha"": 1.3510018460301747, ""reg_lambda"": 4.758996272273373, ""subsample"": 0.7972410902832222}",PRUNED
30,0.24657796271259472,2026-09-19 04:37:18.217704,2026-09-19 04:37:19.497367,0 days 00:00:01.279663,0.7600643247905833,0.021814884437517855,3,251,1.1161577323551446,4.741082755482577,0.8770690768238711,"{""colsample_bytree"": 0.7600643247905833, ""learning_rate"": 0.021814884437517855, ""max_depth"": 3, ""n_estimators"": 251, ""reg_alpha"": 1.1161577323551446, ""reg_lambda"": 4.741082755482577, ""subsample"": 0.8770690768238711}",COMPLETE
31,0.22675725277384196,2026-09-19 04:37:19.497367,2026-09-19 04:37:20.097363,0 days 00:00:00.599996,0.7985037190939215,0.012387105280491861,4,413,0.14091301323705588,4.621095114721804,0.7735268437667657,"{""colsample_bytree"": 0.7985037190939215, ""learning_rate"": 0.012387105280491861, ""max_depth"": 4, ""n_estimators"": 413, ""reg_alpha"": 0.14091301323705588, ""reg_lambda"": 4.621095114721804, ""subsample"": 0.7735268437667657}",PRUNED
32,0.2276260955613445,2026-09-19 04:37:20.097363,2026-09-19 04:37:20.494773,0 days 00:00:00.397410,0.75593437268375,0.011763817200026278,4,246,0.8788083641133202,4.302056924065032,0.7497584218457896,"{""colsample_bytree"": 0.75593437268375, ""learning_rate"": 0.011763817200026278, ""max_depth"": 4, ""n_estimators"": 246, ""reg_alpha"": 0.8788083641133202, ""reg_lambda"": 4.302056924065032, ""subsample"": 0.7497584218457896}",PRUNED
33,0.22607292257388245,2026-09-19 04:37:20.494773,2026-09-19 04:37:21.147138,0 days 00:00:00.652365,0.6778383484557209,0.022715133906870463,5,282,1.328621161902092,4.932429094755455,0.8201523182632602,"{""colsample_bytree"": 0.6778383484557209, ""learning_rate"": 0.022715133906870463, ""max_depth"": 5, ""n_estimators"": 282, ""reg_alpha"": 1.328621161902092, ""reg_lambda"": 4.932429094755455, ""subsample"": 0.8201523182632602}",PRUNED
34,0.22782644182613315,2026-09-19 04:37:21.147138,2026-09-19 04:37:21.471439,0 days 00:00:00.324301,0.6803103146315757,0.013193093701514828,4,214,0.2128745139169963,4.083267994955443,0.8353486139308063,"{""colsample_bytree"": 0.6803103146315757, ""learning_rate"": 0.013193093701514828, ""max_depth"": 4, ""n_estimators"": 214, ""reg_alpha"": 0.2128745139169963, ""reg_lambda"": 4.083267994955443, ""subsample"": 0.8353486139308063}",PRUNED
35,0.24635873567801198,2026-09-19 04:37:21.471439,2026-09-19 04:37:22.696331,0 days 00:00:01.224892,0.7639832222980645,0.025080931701534363,3,239,1.3415356707909465,3.788508936963804,0.6895223617988491,"{""colsample_bytree"": 0.7639832222980645, ""learning_rate"": 0.025080931701534363, ""max_depth"": 3, ""n_estimators"": 239, ""reg_alpha"": 1.3415356707909465, ""reg_lambda"": 3.788508936963804, ""subsample"": 0.6895223617988491}",COMPLETE
36,0.2453108726620672,2026-09-19 04:37:22.696331,2026-09-19 04:37:24.355517,0 days 00:00:01.659186,0.7902695457955373,0.021353631954620842,3,303,0.48383852779622194,4.863706987708681,0.8739891021876036,"{""colsample_bytree"": 0.7902695457955373, ""learning_rate"": 0.021353631954620842, ""max_depth"": 3, ""n_estimators"": 303, ""reg_alpha"": 0.48383852779622194, ""reg_lambda"": 4.863706987708681, ""subsample"": 0.8739891021876036}",COMPLETE
37,0.22072122634409289,2026-09-19 04:37:24.355517,2026-09-19 04:37:24.588201,0 days 00:00:00.232684,0.7179997307959077,0.011894132968043456,3,203,1.0583136427064797,4.65225484382211,0.8603042554697631,"{""colsample_bytree"": 0.7179997307959077, ""learning_rate"": 0.011894132968043456, ""max_depth"": 3, ""n_estimators"": 203, ""reg_alpha"": 1.0583136427064797, ""reg_lambda"": 4.65225484382211, ""subsample"": 0.8603042554697631}",PRUNED
38,0.22620582567519684,2026-09-19 04:37:24.588201,2026-09-19 04:37:24.929455,0 days 00:00:00.341254,0.7023238892381712,0.02155555407624877,4,216,1.364751489928028,4.780656966298544,0.8950389648219483,"{""colsample_bytree"": 0.7023238892381712, ""learning_rate"": 0.02155555407624877, ""max_depth"": 4, ""n_estimators"": 216, ""reg_alpha"": 1.364751489928028, ""reg_lambda"": 4.780656966298544, ""subsample"": 0.8950389648219483}",PRUNED
39,0.2333061502392691,2026-09-19 04:37:24.929455,2026-09-19 04:37:25.331108,0 days 00:00:00.401653,0.7966604761458855,0.011722010324873943,4,255,0.36710005238530274,4.098216336785091,0.8518960776410792,"{""colsample_bytree"": 0.7966604761458855, ""learning_rate"": 0.011722010324873943, ""max_depth"": 4, ""n_estimators"": 255, ""reg_alpha"": 0.36710005238530274, ""reg_lambda"": 4.098216336785091, ""subsample"": 0.8518960776410792}",PRUNED
40,0.21174269826417658,2026-09-19 04:37:25.331108,2026-09-19 04:37:25.994787,0 days 00:00:00.663679,0.6704493092995076,0.01931323306178863,4,497,0.4728421094249161,4.9481511271679155,0.741842451130906,"{""colsample_bytree"": 0.6704493092995076, ""learning_rate"": 0.01931323306178863, ""max_depth"": 4, ""n_estimators"": 497, ""reg_alpha"": 0.4728421094249161, ""reg_lambda"": 4.9481511271679155, ""subsample"": 0.741842451130906}",PRUNED
41,0.2277296510811296,2026-09-19 04:37:25.994787,2026-09-19 04:37:26.377681,0 days 00:00:00.382894,0.7906986257379731,0.02014937062780181,4,235,0.49000533475155544,4.6442028196197365,0.8651399996795468,"{""colsample_bytree"": 0.7906986257379731, ""learning_rate"": 0.02014937062780181, ""max_depth"": 4, ""n_estimators"": 235, ""reg_alpha"": 0.49000533475155544, ""reg_lambda"": 4.6442028196197365, ""subsample"": 0.8651399996795468}",PRUNED
42,0.22558948061451117,2026-09-19 04:37:26.377681,2026-09-19 04:37:26.839059,0 days 00:00:00.461378,0.7881460746981912,0.028919535043621256,3,418,0.08804342262374776,4.009716150203189,0.7998675023154892,"{""colsample_bytree"": 0.7881460746981912, ""learning_rate"": 0.028919535043621256, ""max_depth"": 3, ""n_estimators"": 418, ""reg_alpha"": 0.08804342262374776, ""reg_lambda"": 4.009716150203189, ""subsample"": 0.7998675023154892}",PRUNED
43,0.229199064183589,2026-09-19 04:37:26.839059,2026-09-19 04:37:27.226995,0 days 00:00:00.387936,0.7204067948509262,0.020049139431302446,3,354,0.39473941906378474,4.314139247667258,0.9222419100765618,"{""colsample_bytree"": 0.7204067948509262, ""learning_rate"": 0.020049139431302446, ""max_depth"": 3, ""n_estimators"": 354, ""reg_alpha"": 0.39473941906378474, ""reg_lambda"": 4.314139247667258, ""subsample"": 0.9222419100765618}",PRUNED
44,0.19887365301557908,2026-09-19 04:37:27.226995,2026-09-19 04:37:28.149927,0 days 00:00:00.922932,0.7397667347829637,0.0271241410448877,5,397,0.3718514549599711,4.640454851146324,0.8639406585289313,"{""colsample_bytree"": 0.7397667347829637, ""learning_rate"": 0.0271241410448877, ""max_depth"": 5, ""n_estimators"": 397, ""reg_alpha"": 0.3718514549599711, ""reg_lambda"": 4.640454851146324, ""subsample"": 0.8639406585289313}",PRUNED
45,0.23210409727076117,2026-09-19 04:37:28.149927,2026-09-19 04:37:28.469358,0 days 00:00:00.319431,0.7550422283318093,0.03299334772980109,3,309,0.1599731962868014,4.944971291679484,0.8764133879478906,"{""colsample_bytree"": 0.7550422283318093, ""learning_rate"": 0.03299334772980109, ""max_depth"": 3, ""n_estimators"": 309, ""reg_alpha"": 0.1599731962868014, ""reg_lambda"": 4.944971291679484, ""subsample"": 0.8764133879478906}",PRUNED
46,0.2279502331141267,2026-09-19 04:37:28.469358,2026-09-19 04:37:28.745645,0 days 00:00:00.276287,0.7486515232923785,0.018261283135324994,3,265,0.9918740706161064,4.135042615500174,0.8542475578659824,"{""colsample_bytree"": 0.7486515232923785, ""learning_rate"": 0.018261283135324994, ""max_depth"": 3, ""n_estimators"": 265, ""reg_alpha"": 0.9918740706161064, ""reg_lambda"": 4.135042615500174, ""subsample"": 0.8542475578659824}",PRUNED
47,0.24612225607634625,2026-09-19 04:37:28.745645,2026-09-19 04:37:30.691088,0 days 00:00:01.945443,0.7360486780146697,0.017136835850570582,3,352,1.2750108692543949,4.783357477813841,0.7607469589613668,"{""colsample_bytree"": 0.7360486780146697, ""learning_rate"": 0.017136835850570582, ""max_depth"": 3, ""n_estimators"": 352, ""reg_alpha"": 1.2750108692543949, ""reg_lambda"": 4.783357477813841, ""subsample"": 0.7607469589613668}",COMPLETE
48,0.23581583966923197,2026-09-19 04:37:30.691088,2026-09-19 04:37:31.073815,0 days 00:00:00.382727,0.7141937293847911,0.02244385233445936,4,222,0.5936112555981248,4.493218876066372,0.838093523179897,"{""colsample_bytree"": 0.7141937293847911, ""learning_rate"": 0.02244385233445936, ""max_depth"": 4, ""n_estimators"": 222, ""reg_alpha"": 0.5936112555981248, ""reg_lambda"": 4.493218876066372, ""subsample"": 0.838093523179897}",PRUNED
49,0.21893512758563863,2026-09-19 04:37:31.073815,2026-09-19 04:37:31.396816,0 days 00:00:00.323001,0.7565220680033203,0.023550829282899678,4,206,1.422844607218675,4.651363644467654,0.7333212971881058,"{""colsample_bytree"": 0.7565220680033203, ""learning_rate"": 0.023550829282899678, ""max_depth"": 4, ""n_estimators"": 206, ""reg_alpha"": 1.422844607218675, ""reg_lambda"": 4.651363644467654, ""subsample"": 0.7333212971881058}",PRUNED
50,0.2360601639554848,2026-09-19 04:37:31.396816,2026-09-19 04:37:31.703284,0 days 00:00:00.306468,0.7445307160507484,0.027471390782584048,4,200,0.9597067584153651,4.448651254497387,0.7751388225864777,"{""colsample_bytree"": 0.7445307160507484, ""learning_rate"": 0.027471390782584048, ""max_depth"": 4, ""n_estimators"": 200, ""reg_alpha"": 0.9597067584153651, ""reg_lambda"": 4.448651254497387, ""subsample"": 0.7751388225864777}",PRUNED
51,0.2447533207341658,2026-09-19 04:37:31.704283,2026-09-19 04:37:33.902769,0 days 00:00:02.198486,0.7120438488574975,0.01714014224504923,3,443,1.0777745732895025,4.8293424001333305,0.813005810480341,"{""colsample_bytree"": 0.7120438488574975, ""learning_rate"": 0.01714014224504923, ""max_depth"": 3, ""n_estimators"": 443, ""reg_alpha"": 1.0777745732895025, ""reg_lambda"": 4.8293424001333305, ""subsample"": 0.813005810480341}",COMPLETE
52,0.2344785525940499,2026-09-19 04:37:33.902769,2026-09-19 04:37:34.281697,0 days 00:00:00.378928,0.8465113710185095,0.017293707406445848,3,332,0.9016868767580393,4.8806920724912155,0.8414693967280406,"{""colsample_bytree"": 0.8465113710185095, ""learning_rate"": 0.017293707406445848, ""max_depth"": 3, ""n_estimators"": 332, ""reg_alpha"": 0.9016868767580393, ""reg_lambda"": 4.8806920724912155, ""subsample"": 0.8414693967280406}",PRUNED
53,0.22751671377092147,2026-09-19 04:37:34.281697,2026-09-19 04:37:34.617365,0 days 00:00:00.335668,0.8133710492818329,0.026934656952526295,4,235,0.9623597921543274,4.596675592877256,0.8149672554276417,"{""colsample_bytree"": 0.8133710492818329, ""learning_rate"": 0.026934656952526295, ""max_depth"": 4, ""n_estimators"": 235, ""reg_alpha"": 0.9623597921543274, ""reg_lambda"": 4.596675592877256, ""subsample"": 0.8149672554276417}",PRUNED
54,0.22263237384748305,2026-09-19 04:37:34.617365,2026-09-19 04:37:35.032618,0 days 00:00:00.415253,0.7175005015592192,0.028760510878247006,4,287,0.5978658112846305,4.696887118964776,0.8897718313452531,"{""colsample_bytree"": 0.7175005015592192, ""learning_rate"": 0.028760510878247006, ""max_depth"": 4, ""n_estimators"": 287, ""reg_alpha"": 0.5978658112846305, ""reg_lambda"": 4.696887118964776, ""subsample"": 0.8897718313452531}",PRUNED
55,0.2358384843870603,2026-09-19 04:37:35.032618,2026-09-19 04:37:35.263472,0 days 00:00:00.230854,0.7693119047161637,0.01559860525325482,3,217,1.414684239299739,4.434133060126107,0.8188300840803481,"{""colsample_bytree"": 0.7693119047161637, ""learning_rate"": 0.01559860525325482, ""max_depth"": 3, ""n_estimators"": 217, ""reg_alpha"": 1.414684239299739, ""reg_lambda"": 4.434133060126107, ""subsample"": 0.8188300840803481}",PRUNED
56,0.24266940979378077,2026-09-19 04:37:35.263472,2026-09-19 04:37:36.900939,0 days 00:00:01.637467,0.6837216075832724,0.015801413562080372,3,308,0.7436509840201526,4.413857745563186,0.7647280852847476,"{""colsample_bytree"": 0.6837216075832724, ""learning_rate"": 0.015801413562080372, ""max_depth"": 3, ""n_estimators"": 308, ""reg_alpha"": 0.7436509840201526, ""reg_lambda"": 4.413857745563186, ""subsample"": 0.7647280852847476}",COMPLETE
57,0.2446050611632435,2026-09-19 04:37:36.900939,2026-09-19 04:37:38.310125,0 days 00:00:01.409186,0.7544657410154395,0.02498148434602114,3,268,1.3592614946030774,4.703878069862849,0.8870298493291392,"{""colsample_bytree"": 0.7544657410154395, ""learning_rate"": 0.02498148434602114, ""max_depth"": 3, ""n_estimators"": 268, ""reg_alpha"": 1.3592614946030774, ""reg_lambda"": 4.703878069862849, ""subsample"": 0.8870298493291392}",COMPLETE
58,0.23712310995356678,2026-09-19 04:37:38.310125,2026-09-19 04:37:38.783481,0 days 00:00:00.473356,0.7832343961384263,0.022830500721845663,3,429,0.4643248377297603,4.872889546815854,0.7723959820031389,"{""colsample_bytree"": 0.7832343961384263, ""learning_rate"": 0.022830500721845663, ""max_depth"": 3, ""n_estimators"": 429, ""reg_alpha"": 0.4643248377297603, ""reg_lambda"": 4.872889546815854, ""subsample"": 0.7723959820031389}",PRUNED
59,0.2149723046586152,2026-09-19 04:37:38.783481,2026-09-19 04:37:39.331491,0 days 00:00:00.548010,0.7568152407431006,0.01846419224358823,4,365,1.5000816618042525,4.83976369622754,0.8183466504495783,"{""colsample_bytree"": 0.7568152407431006, ""learning_rate"": 0.01846419224358823, ""max_depth"": 4, ""n_estimators"": 365, ""reg_alpha"": 1.5000816618042525, ""reg_lambda"": 4.83976369622754, ""subsample"": 0.8183466504495783}",PRUNED
60,0.24227445835138398,2026-09-19 04:37:39.331491,2026-09-19 04:37:41.057757,0 days 00:00:01.726266,0.6468368874688997,0.017016982030145195,3,351,0.9819859458808503,4.987260333200368,0.7598963169825963,"{""colsample_bytree"": 0.6468368874688997, ""learning_rate"": 0.017016982030145195, ""max_depth"": 3, ""n_estimators"": 351, ""reg_alpha"": 0.9819859458808503, ""reg_lambda"": 4.987260333200368, ""subsample"": 0.7598963169825963}",PRUNED
61,0.2520051394836581,2026-09-19 04:37:41.057757,2026-09-19 04:37:42.364518,0 days 00:00:01.306761,0.7647353691358643,0.02889274310712984,3,250,0.42774804329198857,4.800477978537166,0.7778439411808568,"{""colsample_bytree"": 0.7647353691358643, ""learning_rate"": 0.02889274310712984, ""max_depth"": 3, ""n_estimators"": 250, ""reg_alpha"": 0.42774804329198857, ""reg_lambda"": 4.800477978537166, ""subsample"": 0.7778439411808568}",COMPLETE
62,0.2265179719972385,2026-09-19 04:37:42.364518,2026-09-19 04:37:42.746358,0 days 00:00:00.381840,0.725518599989543,0.019302622987961145,4,244,0.5745287880136913,4.682031459709064,0.790968974774577,"{""colsample_bytree"": 0.725518599989543, ""learning_rate"": 0.019302622987961145, ""max_depth"": 4, ""n_estimators"": 244, ""reg_alpha"": 0.5745287880136913, ""reg_lambda"": 4.682031459709064, ""subsample"": 0.790968974774577}",PRUNED
63,0.2304801302106014,2026-09-19 04:37:42.746358,2026-09-19 04:37:43.107780,0 days 00:00:00.361422,0.702438572255896,0.019304123282071012,3,334,1.0660332877777106,4.447226790279776,0.9228656922044187,"{""colsample_bytree"": 0.702438572255896, ""learning_rate"": 0.019304123282071012, ""max_depth"": 3, ""n_estimators"": 334, ""reg_alpha"": 1.0660332877777106, ""reg_lambda"": 4.447226790279776, ""subsample"": 0.9228656922044187}",PRUNED
64,0.2463222224758015,2026-09-19 04:37:43.107780,2026-09-19 04:37:44.216705,0 days 00:00:01.108925,0.7250151585027332,0.023412725998161375,3,210,0.8499384765401639,4.955993838561032,0.722093431465924,"{""colsample_bytree"": 0.7250151585027332, ""learning_rate"": 0.023412725998161375, ""max_depth"": 3, ""n_estimators"": 210, ""reg_alpha"": 0.8499384765401639, ""reg_lambda"": 4.955993838561032, ""subsample"": 0.722093431465924}",COMPLETE
65,0.2159574373271938,2026-09-19 04:37:44.216705,2026-09-19 04:37:44.768953,0 days 00:00:00.552248,0.7999342081913013,0.024110951418589516,4,339,0.7240529864328564,4.916879562702765,0.7717674353104576,"{""colsample_bytree"": 0.7999342081913013, ""learning_rate"": 0.024110951418589516, ""max_depth"": 4, ""n_estimators"": 339, ""reg_alpha"": 0.7240529864328564, ""reg_lambda"": 4.916879562702765, ""subsample"": 0.7717674353104576}",PRUNED
66,0.23397933179908592,2026-09-19 04:37:44.768953,2026-09-19 04:37:45.101973,0 days 00:00:00.333020,0.7369880576775816,0.023672167463100635,3,298,0.8255743234495467,4.6607497586999775,0.8110982118050452,"{""colsample_bytree"": 0.7369880576775816, ""learning_rate"": 0.023672167463100635, ""max_depth"": 3, ""n_estimators"": 298, ""reg_alpha"": 0.8255743234495467, ""reg_lambda"": 4.6607497586999775, ""subsample"": 0.8110982118050452}",PRUNED
67,0.23654804549351385,2026-09-19 04:37:45.101973,2026-09-19 04:37:45.355344,0 days 00:00:00.253371,0.7347212358288914,0.019684706677702377,3,220,0.934739839742124,4.9920834014640825,0.737471084704252,"{""colsample_bytree"": 0.7347212358288914, ""learning_rate"": 0.019684706677702377, ""max_depth"": 3, ""n_estimators"": 220, ""reg_alpha"": 0.934739839742124, ""reg_lambda"": 4.9920834014640825, ""subsample"": 0.737471084704252}",PRUNED
68,0.2360699784215078,2026-09-19 04:37:45.355344,2026-09-19 04:37:45.731066,0 days 00:00:00.375722,0.7531108884707398,0.019936254017641285,3,340,0.5757975832852014,4.798527676560262,0.7172487159453498,"{""colsample_bytree"": 0.7531108884707398, ""learning_rate"": 0.019936254017641285, ""max_depth"": 3, ""n_estimators"": 340, ""reg_alpha"": 0.5757975832852014, ""reg_lambda"": 4.798527676560262, ""subsample"": 0.7172487159453498}",PRUNED
69,0.21958785812586484,2026-09-19 04:37:45.731066,2026-09-19 04:37:46.238700,0 days 00:00:00.507634,0.7429954959042954,0.02570471708666893,4,325,0.40600467164139636,4.5164205867381355,0.7809207065245173,"{""colsample_bytree"": 0.7429954959042954, ""learning_rate"": 0.02570471708666893, ""max_depth"": 4, ""n_estimators"": 325, ""reg_alpha"": 0.40600467164139636, ""reg_lambda"": 4.5164205867381355, ""subsample"": 0.7809207065245173}",PRUNED
70,0.23473042667731991,2026-09-19 04:37:46.238700,2026-09-19 04:37:46.507310,0 days 00:00:00.268610,0.7852811072124605,0.020328395579600873,3,255,0.20653071033898862,4.211907832392374,0.7567696308828608,"{""colsample_bytree"": 0.7852811072124605, ""learning_rate"": 0.020328395579600873, ""max_depth"": 3, ""n_estimators"": 255, ""reg_alpha"": 0.20653071033898862, ""reg_lambda"": 4.211907832392374, ""subsample"": 0.7567696308828608}",PRUNED
71,0.23088271551214004,2026-09-19 04:37:46.507310,2026-09-19 04:37:46.845087,0 days 00:00:00.337777,0.7658941159340819,0.035528185756528295,3,359,0.15485122811241864,4.877148938522888,0.7695079702907923,"{""colsample_bytree"": 0.7658941159340819, ""learning_rate"": 0.035528185756528295, ""max_depth"": 3, ""n_estimators"": 359, ""reg_alpha"": 0.15485122811241864, ""reg_lambda"": 4.877148938522888, ""subsample"": 0.7695079702907923}",PRUNED
72,0.24739893207349256,2026-09-19 04:37:46.845087,2026-09-19 04:37:48.478081,0 days 00:00:01.632994,0.778925252966894,0.015302876585889967,3,293,0.5003131723557771,4.758036625354355,0.7288103960476227,"{""colsample_bytree"": 0.778925252966894, ""learning_rate"": 0.015302876585889967, ""max_depth"": 3, ""n_estimators"": 293, ""reg_alpha"": 0.5003131723557771, ""reg_lambda"": 4.758036625354355, ""subsample"": 0.7288103960476227}",COMPLETE
73,0.2341481841265068,2026-09-19 04:37:48.478081,2026-09-19 04:37:48.731295,0 days 00:00:00.253214,0.7394236629380243,0.025489058633808848,3,217,0.6775075218605251,4.773217801103252,0.7045491534260366,"{""colsample_bytree"": 0.7394236629380243, ""learning_rate"": 0.025489058633808848, ""max_depth"": 3, ""n_estimators"": 217, ""reg_alpha"": 0.6775075218605251, ""reg_lambda"": 4.773217801103252, ""subsample"": 0.7045491534260366}",PRUNED
74,0.2347827187443166,2026-09-19 04:37:48.731295,2026-09-19 04:37:49.108575,0 days 00:00:00.377280,0.7504031075450156,0.018091733883499127,3,339,1.226913885829986,4.891205186629601,0.7796255298361427,"{""colsample_bytree"": 0.7504031075450156, ""learning_rate"": 0.018091733883499127, ""max_depth"": 3, ""n_estimators"": 339, ""reg_alpha"": 1.226913885829986, ""reg_lambda"": 4.891205186629601, ""subsample"": 0.7796255298361427}",PRUNED
75,0.23338820692343565,2026-09-19 04:37:49.108575,2026-09-19 04:37:49.410893,0 days 00:00:00.302318,0.7667772449307423,0.01853919351683667,4,209,0.7468238980881398,4.992227931246233,0.7568827283597245,"{""colsample_bytree"": 0.7667772449307423, ""learning_rate"": 0.01853919351683667, ""max_depth"": 4, ""n_estimators"": 209, ""reg_alpha"": 0.7468238980881398, ""reg_lambda"": 4.992227931246233, ""subsample"": 0.7568827283597245}",PRUNED
76,0.25039771371885394,2026-09-19 04:37:49.410893,2026-09-19 04:37:50.890150,0 days 00:00:01.479257,0.7458967294521331,0.01836847628191312,3,278,0.855493310022598,4.5347240828793876,0.7558371510558501,"{""colsample_bytree"": 0.7458967294521331, ""learning_rate"": 0.01836847628191312, ""max_depth"": 3, ""n_estimators"": 278, ""reg_alpha"": 0.855493310022598, ""reg_lambda"": 4.5347240828793876, ""subsample"": 0.7558371510558501}",COMPLETE
77,0.24590966029096872,2026-09-19 04:37:50.890150,2026-09-19 04:37:52.038996,0 days 00:00:01.148846,0.6767847100195724,0.021316470818425567,3,208,0.8349245909465599,4.8236665664177085,0.7258951961028491,"{""colsample_bytree"": 0.6767847100195724, ""learning_rate"": 0.021316470818425567, ""max_depth"": 3, ""n_estimators"": 208, ""reg_alpha"": 0.8349245909465599, ""reg_lambda"": 4.8236665664177085, ""subsample"": 0.7258951961028491}",COMPLETE
78,0.23645459850967462,2026-09-19 04:37:52.038996,2026-09-19 04:37:52.288772,0 days 00:00:00.249776,0.7039710300828438,0.013831046932760624,3,250,0.6944783586569337,4.675892291042208,0.7389131192369934,"{""colsample_bytree"": 0.7039710300828438, ""learning_rate"": 0.013831046932760624, ""max_depth"": 3, ""n_estimators"": 250, ""reg_alpha"": 0.6944783586569337, ""reg_lambda"": 4.675892291042208, ""subsample"": 0.7389131192369934}",PRUNED
79,0.24443707969137476,2026-09-19 04:37:52.288772,2026-09-19 04:37:53.302181,0 days 00:00:01.013409,0.7120067787867008,0.02026388006376291,3,207,0.921342716622503,4.51383914936678,0.7752699090515939,"{""colsample_bytree"": 0.7120067787867008, ""learning_rate"": 0.02026388006376291, ""max_depth"": 3, ""n_estimators"": 207, ""reg_alpha"": 0.921342716622503, ""reg_lambda"": 4.51383914936678, ""subsample"": 0.7752699090515939}",PRUNED
80,0.24483193135808845,2026-09-19 04:37:53.302181,2026-09-19 04:37:54.683056,0 days 00:00:01.380875,0.7399629260639329,0.017484642891350377,3,248,0.8692802766838488,4.449964919804272,0.7243620988153051,"{""colsample_bytree"": 0.7399629260639329, ""learning_rate"": 0.017484642891350377, ""max_depth"": 3, ""n_estimators"": 248, ""reg_alpha"": 0.8692802766838488, ""reg_lambda"": 4.449964919804272, ""subsample"": 0.7243620988153051}",COMPLETE
81,0.2316509585280913,2026-09-19 04:37:54.683056,2026-09-19 04:37:54.934955,0 days 00:00:00.251899,0.7185899652568123,0.023267830512510187,3,220,0.2258366223781234,4.819414613526211,0.7534632050993125,"{""colsample_bytree"": 0.7185899652568123, ""learning_rate"": 0.023267830512510187, ""max_depth"": 3, ""n_estimators"": 220, ""reg_alpha"": 0.2258366223781234, ""reg_lambda"": 4.819414613526211, ""subsample"": 0.7534632050993125}",PRUNED
82,0.23681757680629764,2026-09-19 04:37:54.934955,2026-09-19 04:37:55.215373,0 days 00:00:00.280418,0.7867361205770601,0.013882325039132079,3,243,0.40849359624744414,4.5720577382693985,0.7665407726655394,"{""colsample_bytree"": 0.7867361205770601, ""learning_rate"": 0.013882325039132079, ""max_depth"": 3, ""n_estimators"": 243, ""reg_alpha"": 0.40849359624744414, ""reg_lambda"": 4.5720577382693985, ""subsample"": 0.7665407726655394}",PRUNED
83,0.2360360001514445,2026-09-19 04:37:55.215373,2026-09-19 04:37:55.472287,0 days 00:00:00.256914,0.705941471473113,0.02392514524617864,3,273,0.7033082029179216,4.275391831095711,0.7363653501277146,"{""colsample_bytree"": 0.705941471473113, ""learning_rate"": 0.02392514524617864, ""max_depth"": 3, ""n_estimators"": 273, ""reg_alpha"": 0.7033082029179216, ""reg_lambda"": 4.275391831095711, ""subsample"": 0.7363653501277146}",PRUNED
84,0.2299279495638628,2026-09-19 04:37:55.473287,2026-09-19 04:37:55.758340,0 days 00:00:00.285053,0.7057646009467753,0.022103729373663034,3,307,0.1862743909493405,4.899078608404097,0.7782154022166771,"{""colsample_bytree"": 0.7057646009467753, ""learning_rate"": 0.022103729373663034, ""max_depth"": 3, ""n_estimators"": 307, ""reg_alpha"": 0.1862743909493405, ""reg_lambda"": 4.899078608404097, ""subsample"": 0.7782154022166771}",PRUNED
85,0.23869936825466279,2026-09-19 04:37:55.758340,2026-09-19 04:37:55.983413,0 days 00:00:00.225073,0.7579909473879507,0.030366484359570303,3,229,0.6929883340169046,4.766031239201545,0.7568140715561853,"{""colsample_bytree"": 0.7579909473879507, ""learning_rate"": 0.030366484359570303, ""max_depth"": 3, ""n_estimators"": 229, ""reg_alpha"": 0.6929883340169046, ""reg_lambda"": 4.766031239201545, ""subsample"": 0.7568140715561853}",PRUNED
86,0.23616300085108094,2026-09-19 04:37:55.983413,2026-09-19 04:37:56.285089,0 days 00:00:00.301676,0.7884728035197565,0.025227249485382117,3,268,0.567704701085209,4.78299240513145,0.8204914508430227,"{""colsample_bytree"": 0.7884728035197565, ""learning_rate"": 0.025227249485382117, ""max_depth"": 3, ""n_estimators"": 268, ""reg_alpha"": 0.567704701085209, ""reg_lambda"": 4.78299240513145, ""subsample"": 0.8204914508430227}",PRUNED
87,0.24705491727404497,2026-09-19 04:37:56.285089,2026-09-19 04:37:57.675784,0 days 00:00:01.390695,0.7922682107012119,0.026882463410720224,3,242,0.4848155188400778,4.486546176535749,0.7439645065192135,"{""colsample_bytree"": 0.7922682107012119, ""learning_rate"": 0.026882463410720224, ""max_depth"": 3, ""n_estimators"": 242, ""reg_alpha"": 0.4848155188400778, ""reg_lambda"": 4.486546176535749, ""subsample"": 0.7439645065192135}",COMPLETE
88,0.23827017194557373,2026-09-19 04:37:57.675784,2026-09-19 04:37:57.915545,0 days 00:00:00.239761,0.7027821537410496,0.024153614339365505,3,228,0.7828126663224046,4.975987842009739,0.772901116562389,"{""colsample_bytree"": 0.7027821537410496, ""learning_rate"": 0.024153614339365505, ""max_depth"": 3, ""n_estimators"": 228, ""reg_alpha"": 0.7828126663224046, ""reg_lambda"": 4.975987842009739, ""subsample"": 0.772901116562389}",PRUNED
89,0.23962546559211848,2026-09-19 04:37:57.915545,2026-09-19 04:37:58.251473,0 days 00:00:00.335928,0.7664714295131374,0.015041718687214852,3,327,0.9902079279055434,4.185687079084746,0.7249385069459298,"{""colsample_bytree"": 0.7664714295131374, ""learning_rate"": 0.015041718687214852, ""max_depth"": 3, ""n_estimators"": 327, ""reg_alpha"": 0.9902079279055434, ""reg_lambda"": 4.185687079084746, ""subsample"": 0.7249385069459298}",PRUNED
90,0.2379534378980438,2026-09-19 04:37:58.251473,2026-09-19 04:37:58.569832,0 days 00:00:00.318359,0.7266950573878374,0.02685689697760862,3,319,1.2511728788308063,4.795895699416765,0.7761271619688447,"{""colsample_bytree"": 0.7266950573878374, ""learning_rate"": 0.02685689697760862, ""max_depth"": 3, ""n_estimators"": 319, ""reg_alpha"": 1.2511728788308063, ""reg_lambda"": 4.795895699416765, ""subsample"": 0.7761271619688447}",PRUNED
91,0.2334241025170821,2026-09-19 04:37:58.569832,2026-09-19 04:37:58.833463,0 days 00:00:00.263631,0.6927474236161407,0.017333782748575655,3,255,0.4075684889852136,4.912026321934768,0.7858631846762042,"{""colsample_bytree"": 0.6927474236161407, ""learning_rate"": 0.017333782748575655, ""max_depth"": 3, ""n_estimators"": 255, ""reg_alpha"": 0.4075684889852136, ""reg_lambda"": 4.912026321934768, ""subsample"": 0.7858631846762042}",PRUNED
92,0.24878035003828697,2026-09-19 04:37:58.833463,2026-09-19 04:38:00.407889,0 days 00:00:01.574426,0.7229680502794068,0.017398560964729796,3,290,0.9946054804472959,4.5532117065441255,0.7657393388858531,"{""colsample_bytree"": 0.7229680502794068, ""learning_rate"": 0.017398560964729796, ""max_depth"": 3, ""n_estimators"": 290, ""reg_alpha"": 0.9946054804472959, ""reg_lambda"": 4.5532117065441255, ""subsample"": 0.7657393388858531}",COMPLETE
93,0.2421420942428186,2026-09-19 04:38:00.407889,2026-09-19 04:38:02.229916,0 days 00:00:01.822027,0.7766624273818665,0.022973661965059712,3,323,1.1759951301855498,4.7301329269107235,0.7627555341305026,"{""colsample_bytree"": 0.7766624273818665, ""learning_rate"": 0.022973661965059712, ""max_depth"": 3, ""n_estimators"": 323, ""reg_alpha"": 1.1759951301855498, ""reg_lambda"": 4.7301329269107235, ""subsample"": 0.7627555341305026}",COMPLETE
94,0.24381741032020562,2026-09-19 04:38:02.229916,2026-09-19 04:38:04.101997,0 days 00:00:01.872081,0.754909351801296,0.019053129931244618,3,341,0.8015481828384627,4.4559596145212454,0.736783403012423,"{""colsample_bytree"": 0.754909351801296, ""learning_rate"": 0.019053129931244618, ""max_depth"": 3, ""n_estimators"": 341, ""reg_alpha"": 0.8015481828384627, ""reg_lambda"": 4.4559596145212454, ""subsample"": 0.736783403012423}",PRUNED
95,0.25279929933332107,2026-09-19 04:38:04.101997,2026-09-19 04:38:05.367186,0 days 00:00:01.265189,0.7647334700961411,0.02334837210221133,3,258,0.7456859180410653,4.296079526415158,0.7389590186789261,"{""colsample_bytree"": 0.7647334700961411, ""learning_rate"": 0.02334837210221133, ""max_depth"": 3, ""n_estimators"": 258, ""reg_alpha"": 0.7456859180410653, ""reg_lambda"": 4.296079526415158, ""subsample"": 0.7389590186789261}",COMPLETE
96,0.23456560452793102,2026-09-19 04:38:05.368185,2026-09-19 04:38:05.651017,0 days 00:00:00.282832,0.6981569119234128,0.022353773198054643,3,257,0.9264596230084806,4.8027478580696545,0.7082738620153363,"{""colsample_bytree"": 0.6981569119234128, ""learning_rate"": 0.022353773198054643, ""max_depth"": 3, ""n_estimators"": 257, ""reg_alpha"": 0.9264596230084806, ""reg_lambda"": 4.8027478580696545, ""subsample"": 0.7082738620153363}",PRUNED
97,0.24616254372312865,2026-09-19 04:38:05.651017,2026-09-19 04:38:07.177147,0 days 00:00:01.526130,0.7678285089190173,0.01779214074379373,3,294,1.0946509691890318,4.665353259825126,0.7408140272580231,"{""colsample_bytree"": 0.7678285089190173, ""learning_rate"": 0.01779214074379373, ""max_depth"": 3, ""n_estimators"": 294, ""reg_alpha"": 1.0946509691890318, ""reg_lambda"": 4.665353259825126, ""subsample"": 0.7408140272580231}",COMPLETE
98,0.23907275277080445,2026-09-19 04:38:07.177147,2026-09-19 04:38:07.517500,0 days 00:00:00.340353,0.7285908185536754,0.029841574106697945,3,336,0.8584853043658045,4.454000780644734,0.7537459811423514,"{""colsample_bytree"": 0.7285908185536754, ""learning_rate"": 0.029841574106697945, ""max_depth"": 3, ""n_estimators"": 336, ""reg_alpha"": 0.8584853043658045, ""reg_lambda"": 4.454000780644734, ""subsample"": 0.7537459811423514}",PRUNED
99,0.2403096720389076,2026-09-19 04:38:07.517500,2026-09-19 04:38:09.263192,0 days 00:00:01.745692,0.759273441935219,0.01898720578189483,3,350,0.5514929054922982,4.948492456028103,0.7540096437869704,"{""colsample_bytree"": 0.759273441935219, ""learning_rate"": 0.01898720578189483, ""max_depth"": 3, ""n_estimators"": 350, ""reg_alpha"": 0.5514929054922982, ""reg_lambda"": 4.948492456028103, ""subsample"": 0.7540096437869704}",PRUNED
